ds,trend,yhat_lower,yhat_upper,trend_lower,trend_upper,additive_terms,additive_terms_lower,additive_terms_upper,weekly,weekly_lower,weekly_upper,multiplicative_terms,multiplicative_terms_lower,multiplicative_terms_upper,yhat
2010-12-01,25031.9388810192,4337.399355983939,46226.256354230274,25031.9388810192,25031.9388810192,-755.7533500385845,-755.7533500385845,-755.7533500385845,-755.7533500385845,-755.7533500385845,-755.7533500385845,0.0,0.0,0.0,24276.185530980616
2010-12-02,25025.607597254624,9392.992734732898,53080.971006410335,25025.607597254624,25025.607597254624,6543.299796581411,6543.299796581411,6543.299796581411,6543.299796581411,6543.299796581411,6543.299796581411,0.0,0.0,0.0,31568.907393836034
2010-12-03,25019.27631349005,531.7479510970553,46975.65750065715,25019.27631349005,25019.27631349005,-1481.1376453344565,-1481.1376453344565,-1481.1376453344565,-1481.1376453344565,-1481.1376453344565,-1481.1376453344565,0.0,0.0,0.0,23538.138668155592
2010-12-05,25006.613745960898,-14131.140673438924,33594.78860420083,25006.613745960898,25006.613745960898,-14924.62828570823,-14924.62828570823,-14924.62828570823,-14924.62828570823,-14924.62828570823,-14924.62828570823,0.0,0.0,0.0,10081.985460252668
2010-12-06,25000.28246219632,370.9486539631283,45640.42182248316,25000.28246219632,25000.28246219632,-2002.8833339053417,-2002.8833339053417,-2002.8833339053417,-2002.8833339053417,-2002.8833339053417,-2002.8833339053417,0.0,0.0,0.0,22997.399128290977
2010-12-07,24993.951178431744,6242.323016929206,50189.83965450216,24993.951178431744,24993.951178431744,1972.9709726996396,1972.9709726996396,1972.9709726996396,1972.9709726996396,1972.9709726996396,1972.9709726996396,0.0,0.0,0.0,26966.922151131384
2010-12-08,24987.61989466717,1994.9511506937092,47073.752449731015,24987.61989466717,24987.61989466717,-755.7533499991092,-755.7533499991092,-755.7533499991092,-755.7533499991092,-755.7533499991092,-755.7533499991092,0.0,0.0,0.0,24231.86654466806
2010-12-09,24981.288610902593,9292.538607970146,54677.682187089034,24981.288610902593,24981.288610902593,6543.2997965523455,6543.2997965523455,6543.2997965523455,6543.2997965523455,6543.2997965523455,6543.2997965523455,0.0,0.0,0.0,31524.58840745494
2010-12-10,24974.957327138018,630.5968656528624,46167.34972525803,24974.957327138018,24974.957327138018,-1481.1376453434043,-1481.1376453434043,-1481.1376453434043,-1481.1376453434043,-1481.1376453434043,-1481.1376453434043,0.0,0.0,0.0,23493.819681794612
2010-12-12,24962.294759608863,-12402.048546265267,33322.4176515569,24962.294759608863,24962.294759608863,-14924.628285705881,-14924.628285705881,-14924.628285705881,-14924.628285705881,-14924.628285705881,-14924.628285705881,0.0,0.0,0.0,10037.666473902982
2010-12-13,24955.963475844288,196.9914273371138,45178.379116821954,24955.963475844288,24955.963475844288,-2002.8833339099622,-2002.8833339099622,-2002.8833339099622,-2002.8833339099622,-2002.8833339099622,-2002.8833339099622,0.0,0.0,0.0,22953.080141934326
2010-12-14,24949.632187472605,3791.0649267120743,49669.83162912165,24949.632187472605,24949.632187472605,1972.9709726582362,1972.9709726582362,1972.9709726582362,1972.9709726582362,1972.9709726582362,1972.9709726582362,0.0,0.0,0.0,26922.603160130842
2010-12-15,24943.30089910092,2571.7416770797117,47168.20657766481,24943.30089910092,24943.30089910092,-755.753350006241,-755.753350006241,-755.753350006241,-755.753350006241,-755.753350006241,-755.753350006241,0.0,0.0,0.0,24187.547549094677
2010-12-16,24936.969610729233,9080.478024906846,53614.76724160662,24936.969610729233,24936.969610729233,6543.299796557184,6543.299796557184,6543.299796557184,6543.299796557184,6543.299796557184,6543.299796557184,0.0,0.0,0.0,31480.269407286418
2010-12-17,24930.638322357547,922.7453630321396,44604.29625219478,24930.638322357547,24930.638322357547,-1481.1376453449764,-1481.1376453449764,-1481.1376453449764,-1481.1376453449764,-1481.1376453449764,-1481.1376453449764,0.0,0.0,0.0,23449.50067701257
2010-12-19,24917.975745614174,-12593.784562703326,33947.165499806135,24917.975745614174,24917.975745614174,-14924.628285735354,-14924.628285735354,-14924.628285735354,-14924.628285735354,-14924.628285735354,-14924.628285735354,0.0,0.0,0.0,9993.34745987882
2010-12-20,24911.644457242488,1074.8309632871112,45562.38111403388,24911.644457242488,24911.644457242488,-2002.8833338645443,-2002.8833338645443,-2002.8833338645443,-2002.8833338645443,-2002.8833338645443,-2002.8833338645443,0.0,0.0,0.0,22908.761123377943
2010-12-21,24905.3131688708,5310.937310205838,49946.66214532242,24905.3131688708,24905.3131688708,1972.9709727133566,1972.9709727133566,1972.9709727133566,1972.9709727133566,1972.9709727133566,1972.9709727133566,0.0,0.0,0.0,26878.284141584158
2010-12-22,24898.981880499116,-770.8564993470549,45803.594104337724,24898.981880499116,24898.981880499116,-755.753350021871,-755.753350021871,-755.753350021871,-755.753350021871,-755.753350021871,-755.753350021871,0.0,0.0,0.0,24143.228530477245
2010-12-23,24892.65059212743,9114.985082214298,53978.91005357928,24892.65059212743,24892.65059212743,6543.299796569059,6543.299796569059,6543.299796569059,6543.299796569059,6543.299796569059,6543.299796569059,0.0,0.0,0.0,31435.95038869649
2011-01-04,24816.67519870789,3768.0466846464806,48447.5290734246,24816.67519870789,24816.67519870789,1972.970972688898,1972.970972688898,1972.970972688898,1972.970972688898,1972.970972688898,1972.970972688898,0.0,0.0,0.0,26789.646171396787
2011-01-05,24810.343915922927,679.6210115342516,47416.71668862443,24810.343915922927,24810.343915922927,-755.753349998027,-755.753349998027,-755.753349998027,-755.753349998027,-755.753349998027,-755.753349998027,0.0,0.0,0.0,24054.5905659249
2011-01-06,24804.012633137965,8290.091002272546,53978.92535409356,24804.012633137965,24804.012633137965,6543.29979654483,6543.29979654483,6543.29979654483,6543.29979654483,6543.29979654483,6543.29979654483,0.0,0.0,0.0,31347.312429682795
2011-01-07,24797.681350353,-221.4313136740416,45972.6813631602,24797.681350353,24797.681350353,-1481.1376453644416,-1481.1376453644416,-1481.1376453644416,-1481.1376453644416,-1481.1376453644416,-1481.1376453644416,0.0,0.0,0.0,23316.54370498856
2011-01-09,24785.01878478308,-13989.211626810646,32211.942578352107,24785.01878478308,24785.01878478308,-14924.62828571483,-14924.62828571483,-14924.62828571483,-14924.62828571483,-14924.62828571483,-14924.62828571483,0.0,0.0,0.0,9860.390499068248
2011-01-10,24778.68750199812,-712.1862448292785,44646.08971622216,24778.68750199812,24778.68750199812,-2002.88333384701,-2002.88333384701,-2002.88333384701,-2002.88333384701,-2002.88333384701,-2002.88333384701,0.0,0.0,0.0,22775.80416815111
2011-01-11,24772.356219213154,3824.4135090590084,49194.158735843834,24772.356219213154,24772.356219213154,1972.970972695757,1972.970972695757,1972.970972695757,1972.970972695757,1972.970972695757,1972.970972695757,0.0,0.0,0.0,26745.32719190891
2011-01-12,24766.024936428195,2093.748431308985,44221.390054583826,24766.024936428195,24766.024936428195,-755.7533500051592,-755.7533500051592,-755.7533500051592,-755.7533500051592,-755.7533500051592,-755.7533500051592,0.0,0.0,0.0,24010.271586423038
2011-01-13,24759.693653643233,7710.4521688308705,52770.04798016255,24759.693653643233,24759.693653643233,6543.299796556708,6543.299796556708,6543.299796556708,6543.299796556708,6543.299796556708,6543.299796556708,0.0,0.0,0.0,31302.99345019994
2011-01-14,24753.362370858275,489.7628797915721,46380.33823133843,24753.362370858275,24753.362370858275,-1481.1376453660164,-1481.1376453660164,-1481.1376453660164,-1481.1376453660164,-1481.1376453660164,-1481.1376453660164,0.0,0.0,0.0,23272.22472549226
2011-01-16,24740.699812408286,-12629.857222045213,31375.485113750754,24740.699812408286,24740.699812408286,-14924.628285744302,-14924.628285744302,-14924.628285744302,-14924.628285744302,-14924.628285744302,-14924.628285744302,0.0,0.0,0.0,9816.071526663984
2011-01-17,24734.368533183293,-61.54254282152224,45605.716829682664,24734.368533183293,24734.368533183293,-2002.8833338702743,-2002.8833338702743,-2002.8833338702743,-2002.8833338702743,-2002.8833338702743,-2002.8833338702743,0.0,0.0,0.0,22731.485199313018
2011-01-18,24728.0372539583,1667.8159829978556,50218.244011613126,24728.0372539583,24728.0372539583,1972.9709727127029,1972.9709727127029,1972.9709727127029,1972.9709727127029,1972.9709727127029,1972.9709727127029,0.0,0.0,0.0,26701.008226671
2011-01-19,24721.705974733304,1755.288862773382,47426.710127087856,24721.705974733304,24721.705974733304,-755.7533500207888,-755.7533500207888,-755.7533500207888,-755.7533500207888,-755.7533500207888,-755.7533500207888,0.0,0.0,0.0,23965.952624712514
2011-01-20,24715.374695508315,8143.547821423888,54061.85776572319,24715.374695508315,24715.374695508315,6543.299796568584,6543.299796568584,6543.299796568584,6543.299796568584,6543.299796568584,6543.299796568584,0.0,0.0,0.0,31258.674492076898
2011-01-21,24709.04341628332,854.998288246817,46560.75635634239,24709.04341628332,24709.04341628332,-1481.137645348915,-1481.137645348915,-1481.137645348915,-1481.137645348915,-1481.137645348915,-1481.137645348915,0.0,0.0,0.0,23227.905770934405
2011-01-23,24696.380857833334,-15002.676543721314,31613.469152409274,24696.380857833334,24696.380857833334,-14924.628285728471,-14924.628285728471,-14924.628285728471,-14924.628285728471,-14924.628285728471,-14924.628285728471,0.0,0.0,0.0,9771.752572104862
2011-01-24,24690.04957860834,514.3957934494132,46329.48474675937,24690.04957860834,24690.04957860834,-2002.8833339435778,-2002.8833339435778,-2002.8833339435778,-2002.8833339435778,-2002.8833339435778,-2002.8833339435778,0.0,0.0,0.0,22687.166244664764
2011-01-25,24683.718299383352,4234.744311318193,50056.75471834058,24683.718299383352,24683.718299383352,1972.9709727296495,1972.9709727296495,1972.9709727296495,1972.9709727296495,1972.9709727296495,1972.9709727296495,0.0,0.0,0.0,26656.689272113003
2011-01-26,24677.387020158356,1026.9311704921029,47123.41787265314,24677.387020158356,24677.387020158356,-755.7533499813155,-755.7533499813155,-755.7533499813155,-755.7533499813155,-755.7533499813155,-755.7533499813155,0.0,0.0,0.0,23921.63367017704
2011-01-27,24671.06171722615,7911.457280327943,53960.33182608247,24671.06171722615,24671.06171722615,6543.299796539518,6543.299796539518,6543.299796539518,6543.299796539518,6543.299796539518,6543.299796539518,0.0,0.0,0.0,31214.36151376567
2011-01-28,24664.73641429394,1577.7087388315897,45906.56269050763,24664.73641429394,24664.73641429394,-1481.1376453578628,-1481.1376453578628,-1481.1376453578628,-1481.1376453578628,-1481.1376453578628,-1481.1376453578628,0.0,0.0,0.0,23183.598768936077
2011-01-30,24652.08580842952,-14134.632724467263,33871.26225188068,24652.08580842952,24652.08580842952,-14924.628285726123,-14924.628285726123,-14924.628285726123,-14924.628285726123,-14924.628285726123,-14924.628285726123,0.0,0.0,0.0,9727.457522703398
2011-01-31,24645.760505497314,-293.35720299317836,45576.38801424149,24645.760505497314,24645.760505497314,-2002.8833338981585,-2002.8833338981585,-2002.8833338981585,-2002.8833338981585,-2002.8833338981585,-2002.8833338981585,0.0,0.0,0.0,22642.877171599153
2011-02-01,24639.435202565102,2906.3007358765876,48832.843944519234,24639.435202565102,24639.435202565102,1972.970972688245,1972.970972688245,1972.970972688245,1972.970972688245,1972.970972688245,1972.970972688245,0.0,0.0,0.0,26612.40617525335
2011-02-02,24633.1098996329,-644.2152326439178,46723.33658799663,24633.1098996329,24633.1098996329,-755.753349988447,-755.753349988447,-755.753349988447,-755.753349988447,-755.753349988447,-755.753349988447,0.0,0.0,0.0,23877.35654964445
2011-02-03,24626.78459670069,9226.376834364932,53700.0784787709,24626.78459670069,24626.78459670069,6543.299796578257,6543.299796578257,6543.299796578257,6543.299796578257,6543.299796578257,6543.299796578257,0.0,0.0,0.0,31170.084393278947
2011-02-04,24620.45929376848,-284.12889417701655,46635.23642110486,24620.45929376848,24620.45929376848,-1481.1376453594362,-1481.1376453594362,-1481.1376453594362,-1481.1376453594362,-1481.1376453594362,-1481.1376453594362,0.0,0.0,0.0,23139.321648409044
2011-02-06,24607.808687904064,-13648.393336287407,31133.10729193623,24607.808687904064,24607.808687904064,-14924.628285755596,-14924.628285755596,-14924.628285755596,-14924.628285755596,-14924.628285755596,-14924.628285755596,0.0,0.0,0.0,9683.180402148468
2011-02-07,24601.483384971853,-285.61269279656403,45845.96944682369,24601.483384971853,24601.483384971853,-2002.8833339214218,-2002.8833339214218,-2002.8833339214218,-2002.8833339214218,-2002.8833339214218,-2002.8833339214218,0.0,0.0,0.0,22598.60005105043
2011-02-08,24595.447757743706,3104.326636311006,49865.84888539792,24595.447757743706,24595.447757743706,1972.9709726951035,1972.9709726951035,1972.9709726951035,1972.9709726951035,1972.9709726951035,1972.9709726951035,0.0,0.0,0.0,26568.41873043881
2011-02-09,24589.412130515557,427.88790223488706,45575.29800358954,24589.412130515557,24589.412130515557,-755.7533500040763,-755.7533500040763,-755.7533500040763,-755.7533500040763,-755.7533500040763,-755.7533500040763,0.0,0.0,0.0,23833.65878051148
2011-02-10,24583.376503287407,7974.282972732284,54297.899627027015,24583.376503287407,24583.376503287407,6543.299796590134,6543.299796590134,6543.299796590134,6543.299796590134,6543.299796590134,6543.299796590134,0.0,0.0,0.0,31126.67629987754
2011-02-11,24577.34087605926,-102.30566097940977,45776.25864466643,24577.34087605926,24577.34087605926,-1481.137645342335,-1481.137645342335,-1481.137645342335,-1481.137645342335,-1481.137645342335,-1481.137645342335,0.0,0.0,0.0,23096.203230716925
2011-02-13,24565.26962160296,-14066.260884773043,32708.637392111814,24565.26962160296,24565.26962160296,-14924.628285739764,-14924.628285739764,-14924.628285739764,-14924.628285739764,-14924.628285739764,-14924.628285739764,0.0,0.0,0.0,9640.641335863198
2011-02-14,24559.23399437482,355.2531168162727,45235.97552132911,24559.23399437482,24559.23399437482,-2002.8833339260434,-2002.8833339260434,-2002.8833339260434,-2002.8833339260434,-2002.8833339260434,-2002.8833339260434,0.0,0.0,0.0,22556.350660448777
2011-02-15,24553.19836714667,4103.134243754278,48196.47415292681,24553.19836714667,24553.19836714667,1972.9709727120498,1972.9709727120498,1972.9709727120498,1972.9709727120498,1972.9709727120498,1972.9709727120498,0.0,0.0,0.0,26526.16933985872
2011-02-16,24547.162739918516,1261.114133731958,47414.67697699816,24547.162739918516,24547.162739918516,-755.7533500197069,-755.7533500197069,-755.7533500197069,-755.7533500197069,-755.7533500197069,-755.7533500197069,0.0,0.0,0.0,23791.40938989881
2011-02-17,24541.127112690374,8009.698899623314,54273.48075541937,24541.127112690374,24541.127112690374,6543.2997965610675,6543.2997965610675,6543.2997965610675,6543.2997965610675,6543.2997965610675,6543.2997965610675,0.0,0.0,0.0,31084.42690925144
2011-02-18,24549.962617168087,331.9343580720738,45788.81212539664,24549.962617168087,24549.962617168087,-1481.1376453512814,-1481.1376453512814,-1481.1376453512814,-1481.1376453512814,-1481.1376453512814,-1481.1376453512814,0.0,0.0,0.0,23068.824971816804
2011-02-20,24567.633626123526,-12820.493195630415,31159.575393905256,24567.633626123526,24567.633626123526,-14924.628285692117,-14924.628285692117,-14924.628285692117,-14924.628285692117,-14924.628285692117,-14924.628285692117,0.0,0.0,0.0,9643.00534043141
2011-02-21,24576.46913060124,-960.113208775389,44546.3437454879,24576.46913060124,24576.46913060124,-2002.8833339306632,-2002.8833339306632,-2002.8833339306632,-2002.8833339306632,-2002.8833339306632,-2002.8833339306632,0.0,0.0,0.0,22573.585796670577
2011-02-22,24585.30463507896,3949.439434913983,49636.34441427151,24585.30463507896,24585.30463507896,1972.970972670646,1972.970972670646,1972.970972670646,1972.970972670646,1972.970972670646,1972.970972670646,0.0,0.0,0.0,26558.275607749605
2011-02-23,24594.140139556675,962.4970950536001,47200.3238885755,24594.140139556675,24594.140139556675,-755.753349980233,-755.753349980233,-755.753349980233,-755.753349980233,-755.753349980233,-755.753349980233,0.0,0.0,0.0,23838.38678957644
2011-02-24,24602.975644034395,8303.361626582371,53608.71301224097,24602.975644034395,24602.975644034395,6543.299796565905,6543.299796565905,6543.299796565905,6543.299796565905,6543.299796565905,6543.299796565905,0.0,0.0,0.0,31146.2754406003
2011-02-25,24611.81114851211,987.0426834821407,45974.33947137678,24611.81114851211,24611.81114851211,-1481.1376453528562,-1481.1376453528562,-1481.1376453528562,-1481.1376453528562,-1481.1376453528562,-1481.1376453528562,0.0,0.0,0.0,23130.673503159254
2011-02-27,24629.482157467548,-13477.773915469234,31947.082974286473,24629.482157467548,24629.482157467548,-14924.62828572159,-14924.62828572159,-14924.62828572159,-14924.62828572159,-14924.62828572159,-14924.62828572159,0.0,0.0,0.0,9704.853871745958
2011-02-28,24638.31766194526,57.54668068774898,46043.699935565484,24638.31766194526,24638.31766194526,-2002.883333885246,-2002.883333885246,-2002.883333885246,-2002.883333885246,-2002.883333885246,-2002.883333885246,0.0,0.0,0.0,22635.434328060015
2011-03-01,24647.15316642298,3803.9815886626543,47479.98967336356,24647.15316642298,24647.15316642298,1972.9709726775045,1972.9709726775045,1972.9709726775045,1972.9709726775045,1972.9709726775045,1972.9709726775045,0.0,0.0,0.0,26620.124139100484
2011-03-02,24657.28989683394,613.4762740305604,48060.142543960756,24657.28989683394,24657.28989683394,-755.7533499873648,-755.7533499873648,-755.7533499873648,-755.7533499873648,-755.7533499873648,-755.7533499873648,0.0,0.0,0.0,23901.536546846575
2011-03-03,24667.426627244902,7905.059103851026,56151.7519841338,24667.426627244902,24667.426627244902,6543.299796577781,6543.299796577781,6543.299796577781,6543.299796577781,6543.299796577781,6543.299796577781,0.0,0.0,0.0,31210.726423822685
2011-03-04,24677.563357655858,-1010.4250001718125,46434.23818597493,24677.563357655858,24677.563357655858,-1481.1376453544283,-1481.1376453544283,-1481.1376453544283,-1481.1376453544283,-1481.1376453544283,-1481.1376453544283,0.0,0.0,0.0,23196.42571230143
2011-03-06,24697.83681847778,-14016.184216237309,32939.711306724894,24697.83681847778,24697.83681847778,-14924.62828570576,-14924.62828570576,-14924.62828570576,-14924.62828570576,-14924.62828570576,-14924.62828570576,0.0,0.0,0.0,9773.20853277202
2011-03-07,24707.973548888738,-1374.4970533466387,44469.08218545484,24707.973548888738,24707.973548888738,-2002.8833339085104,-2002.8833339085104,-2002.8833339085104,-2002.8833339085104,-2002.8833339085104,-2002.8833339085104,0.0,0.0,0.0,22705.090214980228
2011-03-08,24718.110279299694,3647.6870231554317,48425.54597614989,24718.110279299694,24718.110279299694,1972.970972694451,1972.970972694451,1972.970972694451,1972.970972694451,1972.970972694451,1972.970972694451,0.0,0.0,0.0,26691.081251994143
2011-03-09,24728.24700971066,786.2737373324425,46720.81551323056,24728.24700971066,24728.24700971066,-755.7533500495995,-755.7533500495995,-755.7533500495995,-755.7533500495995,-755.7533500495995,-755.7533500495995,0.0,0.0,0.0,23972.49365966106
2011-03-10,24738.383740121615,7513.573516378298,54312.12506585786,24738.383740121615,24738.383740121615,6543.299796548716,6543.299796548716,6543.299796548716,6543.299796548716,6543.299796548716,6543.299796548716,0.0,0.0,0.0,31281.68353667033
2011-03-11,24748.520470532574,862.0042011154995,46810.327612983645,24748.520470532574,24748.520470532574,-1481.1376453373296,-1481.1376453373296,-1481.1376453373296,-1481.1376453373296,-1481.1376453373296,-1481.1376453373296,0.0,0.0,0.0,23267.382825195244
2011-03-13,24768.793931354496,-12435.093732960715,33006.124766650035,24768.793931354496,24768.793931354496,-14924.628285703413,-14924.628285703413,-14924.628285703413,-14924.628285703413,-14924.628285703413,-14924.628285703413,0.0,0.0,0.0,9844.165645651083
2011-03-14,24781.94796890239,941.7929888256234,46279.69670972212,24781.94796890239,24781.94796890239,-2002.8833339131302,-2002.8833339131302,-2002.8833339131302,-2002.8833339131302,-2002.8833339131302,-2002.8833339131302,0.0,0.0,0.0,22779.06463498926
2011-03-15,24795.102006450288,3705.0563219247288,50649.982219263846,24795.102006450288,24795.102006450288,1972.970972711396,1972.970972711396,1972.970972711396,1972.970972711396,1972.970972711396,1972.970972711396,0.0,0.0,0.0,26768.072979161683
2011-03-16,24808.256043998183,78.37002044647942,47882.155326362845,24808.256043998183,24808.256043998183,-755.7533500101265,-755.7533500101265,-755.7533500101265,-755.7533500101265,-755.7533500101265,-755.7533500101265,0.0,0.0,0.0,24052.502693988055
2011-03-17,24821.410081546077,8545.077497143664,54024.06137771198,24821.410081546077,24821.410081546077,6543.299796553553,6543.299796553553,6543.299796553553,6543.299796553553,6543.299796553553,6543.299796553553,0.0,0.0,0.0,31364.70987809963
2011-03-18,24834.564119093975,1349.5255870284739,44269.951496639485,24834.564119093975,24834.564119093975,-1481.137645346276,-1481.137645346276,-1481.137645346276,-1481.137645346276,-1481.137645346276,-1481.137645346276,0.0,0.0,0.0,23353.4264737477
2011-03-20,24860.872194189767,-14257.272113255793,31307.368641875248,24860.872194189767,24860.872194189767,-14924.628285701066,-14924.628285701066,-14924.628285701066,-14924.628285701066,-14924.628285701066,-14924.628285701066,0.0,0.0,0.0,9936.243908488701
2011-03-21,24874.026231737662,666.0778609556728,45089.360006468516,24874.026231737662,24874.026231737662,-2002.883333867712,-2002.883333867712,-2002.883333867712,-2002.883333867712,-2002.883333867712,-2002.883333867712,0.0,0.0,0.0,22871.14289786995
2011-03-22,24887.18026928556,5700.32807665144,49204.34608275717,24887.18026928556,24887.18026928556,1972.970972669993,1972.970972669993,1972.970972669993,1972.970972669993,1972.970972669993,1972.970972669993,0.0,0.0,0.0,26860.15124195555
2011-03-23,24900.334306833454,1655.9000409537816,45754.349411636955,24900.334306833454,24900.334306833454,-755.7533500172589,-755.7533500172589,-755.7533500172589,-755.7533500172589,-755.7533500172589,-755.7533500172589,0.0,0.0,0.0,24144.580956816197
2011-03-24,24914.518515439708,9848.096808790178,54391.46916680496,24914.518515439708,24914.518515439708,6543.2997965654295,6543.2997965654295,6543.2997965654295,6543.2997965654295,6543.2997965654295,6543.2997965654295,0.0,0.0,0.0,31457.818312005136
2011-03-25,24928.702724045957,974.0503119634018,47351.14437706357,24928.702724045957,24928.702724045957,-1481.1376453478495,-1481.1376453478495,-1481.1376453478495,-1481.1376453478495,-1481.1376453478495,-1481.1376453478495,0.0,0.0,0.0,23447.56507869811
2011-03-27,24957.071141258464,-13107.46194738215,33629.589915871395,24957.071141258464,24957.071141258464,-14924.628285730536,-14924.628285730536,-14924.628285730536,-14924.628285730536,-14924.628285730536,-14924.628285730536,0.0,0.0,0.0,10032.442855527928
2011-03-28,24971.255349864718,742.6860915821602,46746.95455068801,24971.255349864718,24971.255349864718,-2002.883333890976,-2002.883333890976,-2002.883333890976,-2002.883333890976,-2002.883333890976,-2002.883333890976,0.0,0.0,0.0,22968.372015973742
2011-03-29,24985.43955847097,4677.946349103456,49172.59032322177,24985.43955847097,24985.43955847097,1972.9709726768515,1972.9709726768515,1972.9709726768515,1972.9709726768515,1972.9709726768515,1972.9709726768515,0.0,0.0,0.0,26958.410531147823
2011-03-30,24999.62376707722,1209.1319790580533,47455.31643366526,24999.62376707722,24999.62376707722,-755.7533500328882,-755.7533500328882,-755.7533500328882,-755.7533500328882,-755.7533500328882,-755.7533500328882,0.0,0.0,0.0,24243.87041704433
2011-03-31,25013.807975683478,8816.23878096736,54213.80254337902,25013.807975683478,25013.807975683478,6543.299796577307,6543.299796577307,6543.299796577307,6543.299796577307,6543.299796577307,6543.299796577307,0.0,0.0,0.0,31557.107772260784
2011-04-01,25027.99218428973,186.5711547480477,44385.707776747404,25027.99218428973,25027.99218428973,-1481.1376453307494,-1481.1376453307494,-1481.1376453307494,-1481.1376453307494,-1481.1376453307494,-1481.1376453307494,0.0,0.0,0.0,23546.85453895898
2011-04-03,25056.360601502238,-13906.575998661116,32227.505150423887,25056.360601502238,25056.360601502238,-14924.628285714707,-14924.628285714707,-14924.628285714707,-14924.628285714707,-14924.628285714707,-14924.628285714707,0.0,0.0,0.0,10131.73231578753
2011-04-04,25070.54481010849,958.8971820815683,46538.85874101229,25070.54481010849,25070.54481010849,-2002.883333895597,-2002.883333895597,-2002.883333895597,-2002.883333895597,-2002.883333895597,-2002.883333895597,0.0,0.0,0.0,23067.661476212896
2011-04-05,25085.308606771985,3272.3596836132588,49300.02946592731,25085.308606771985,25085.308606771985,1972.9709727420595,1972.9709727420595,1972.9709727420595,1972.9709727420595,1972.9709727420595,1972.9709727420595,0.0,0.0,0.0,27058.279579514045
2011-04-06,25100.072403435483,2731.2355078373744,45920.108094470015,25100.072403435483,25100.072403435483,-755.7533499934137,-755.7533499934137,-755.7533499934137,-755.7533499934137,-755.7533499934137,-755.7533499934137,0.0,0.0,0.0,24344.31905344207
2011-04-07,25114.836200098976,9009.78787914429,54839.65173969855,25114.836200098976,25114.836200098976,6543.299796548241,6543.299796548241,6543.299796548241,6543.299796548241,6543.299796548241,6543.299796548241,0.0,0.0,0.0,31658.135996647216
2011-04-08,25129.59999676247,-1186.9491682260807,45861.47280979503,25129.59999676247,25129.59999676247,-1481.1376453396947,-1481.1376453396947,-1481.1376453396947,-1481.1376453396947,-1481.1376453396947,-1481.1376453396947,0.0,0.0,0.0,23648.462351422775
2011-04-10,25159.12759008946,-13083.186528316008,31101.204374196022,25159.12759008946,25159.12759008946,-14924.628285712359,-14924.628285712359,-14924.628285712359,-14924.628285712359,-14924.628285712359,-14924.628285712359,0.0,0.0,0.0,10234.499304377103
2011-04-11,25173.891386752955,523.507778796062,44972.622895761706,25173.891386752955,25173.891386752955,-2002.8833339002174,-2002.8833339002174,-2002.8833339002174,-2002.8833339002174,-2002.8833339002174,-2002.8833339002174,0.0,0.0,0.0,23171.00805285274
2011-04-12,25188.655183416446,5055.047248135155,49856.480259346565,25188.655183416446,25188.655183416446,1972.9709727006557,1972.9709727006557,1972.9709727006557,1972.9709727006557,1972.9709727006557,1972.9709727006557,0.0,0.0,0.0,27161.6261561171
2011-04-13,25203.418980079947,950.2656286786862,48031.481897933496,25203.418980079947,25203.418980079947,-755.7533500005458,-755.7533500005458,-755.7533500005458,-755.7533500005458,-755.7533500005458,-755.7533500005458,0.0,0.0,0.0,24447.665630079402
2011-04-14,25218.18277674344,9887.949127461286,56098.235570500125,25218.18277674344,25218.18277674344,6543.299796553078,6543.299796553078,6543.299796553078,6543.299796553078,6543.299796553078,6543.299796553078,0.0,0.0,0.0,31761.48257329652
2011-04-15,25232.946573406938,195.6860382914315,45898.07900554654,25232.946573406938,25232.946573406938,-1481.1376453412681,-1481.1376453412681,-1481.1376453412681,-1481.1376453412681,-1481.1376453412681,-1481.1376453412681,0.0,0.0,0.0,23751.80892806567
2011-04-17,25262.47437866338,-11639.140843039835,33199.82055878912,25262.47437866338,25262.47437866338,-14924.628285741832,-14924.628285741832,-14924.628285741832,-14924.628285741832,-14924.628285741832,-14924.628285741832,0.0,0.0,0.0,10337.846092921549
2011-04-18,25277.2382812916,725.1810970199734,48034.75732755714,25277.2382812916,25277.2382812916,-2002.8833338547995,-2002.8833338547995,-2002.8833338547995,-2002.8833338547995,-2002.8833338547995,-2002.8833338547995,0.0,0.0,0.0,23274.3549474368
2011-04-19,25292.002183919823,3862.308474450979,48720.51383628605,25292.002183919823,25292.002183919823,1972.970972707514,1972.970972707514,1972.970972707514,1972.970972707514,1972.970972707514,1972.970972707514,0.0,0.0,0.0,27264.973156627337
2011-04-20,25306.766086548043,2376.550497287786,47571.354598940976,25306.766086548043,25306.766086548043,-755.7533500161747,-755.7533500161747,-755.7533500161747,-755.7533500161747,-755.7533500161747,-755.7533500161747,0.0,0.0,0.0,24551.01273653187
2011-04-21,25321.529989176266,7502.976184665501,55913.91048197303,25321.529989176266,25321.529989176266,6543.299796564954,6543.299796564954,6543.299796564954,6543.299796564954,6543.299796564954,6543.299796564954,0.0,0.0,0.0,31864.829785741218
2011-04-26,25395.34950231738,6709.946671115431,51194.706645553706,25395.34950231738,25395.34950231738,1972.9709727244597,1972.9709727244597,1972.9709727244597,1972.9709727244597,1972.9709727244597,1972.9709727244597,0.0,0.0,0.0,27368.320475041837
2011-04-27,25410.113404945598,3016.431900690865,47022.59701012432,25410.113404945598,25410.113404945598,-755.7533500318054,-755.7533500318054,-755.7533500318054,-755.7533500318054,-755.7533500318054,-755.7533500318054,0.0,0.0,0.0,24654.360054913792
2011-04-28,25424.87730757382,10752.013952645515,51474.61894043846,25424.87730757382,25424.87730757382,6543.299796535888,6543.299796535888,6543.299796535888,6543.299796535888,6543.299796535888,6543.299796535888,0.0,0.0,0.0,31968.17710410971
2011-05-01,25469.169015458483,-12436.695152807744,32835.2431845283,25469.169015458483,25469.169015458483,-14924.628285723657,-14924.628285723657,-14924.628285723657,-14924.628285723657,-14924.628285723657,-14924.628285723657,0.0,0.0,0.0,10544.540729734827
2011-05-03,25498.69682071493,3571.323850934052,49547.87813227505,25498.69682071493,25498.69682071493,1972.970972683056,1972.970972683056,1972.970972683056,1972.970972683056,1972.970972683056,1972.970972683056,0.0,0.0,0.0,27471.667793397984
2011-05-04,25513.477071671077,2743.7338167120024,47906.683460360044,25513.477071671077,25513.477071671077,-755.7533499923316,-755.7533499923316,-755.7533499923316,-755.7533499923316,-755.7533499923316,-755.7533499923316,0.0,0.0,0.0,24757.723721678747
2011-05-05,25528.25732262722,9152.840836804755,55171.60913887691,25528.25732262722,25528.25732262722,6543.299796540725,6543.299796540725,6543.299796540725,6543.299796540725,6543.299796540725,6543.299796540725,0.0,0.0,0.0,32071.55711916795
2011-05-06,25543.037573583366,513.2641653480414,47325.98638133545,25543.037573583366,25543.037573583366,-1481.1376453607334,-1481.1376453607334,-1481.1376453607334,-1481.1376453607334,-1481.1376453607334,-1481.1376453607334,0.0,0.0,0.0,24061.899928222632
2011-05-08,25572.598075495654,-12379.875839836466,34707.019248559394,25572.598075495654,25572.598075495654,-14924.628285721308,-14924.628285721308,-14924.628285721308,-14924.628285721308,-14924.628285721308,-14924.628285721308,0.0,0.0,0.0,10647.969789774346
2011-05-09,25587.378326451802,369.6829407838197,43784.65912404856,25587.378326451802,25587.378326451802,-2002.8833339059468,-2002.8833339059468,-2002.8833339059468,-2002.8833339059468,-2002.8833339059468,-2002.8833339059468,0.0,0.0,0.0,23584.494992545857
2011-05-10,25602.158577407947,4322.480074876781,49836.57995418308,25602.158577407947,25602.158577407947,1972.970972689915,1972.970972689915,1972.970972689915,1972.970972689915,1972.970972689915,1972.970972689915,0.0,0.0,0.0,27575.129550097863
2011-05-11,25616.93882836409,1275.0872712846667,47281.48516370094,25616.93882836409,25616.93882836409,-755.7533499994627,-755.7533499994627,-755.7533499994627,-755.7533499994627,-755.7533499994627,-755.7533499994627,0.0,0.0,0.0,24861.185478364627
2011-05-12,25631.719079320235,6799.8323915829105,54652.59113568516,25631.719079320235,25631.719079320235,6543.299796552602,6543.299796552602,6543.299796552602,6543.299796552602,6543.299796552602,6543.299796552602,0.0,0.0,0.0,32175.018875872836
2011-05-13,25646.49933027638,1123.702020990658,46720.7365281073,25646.49933027638,25646.49933027638,-1481.1376453623068,-1481.1376453623068,-1481.1376453623068,-1481.1376453623068,-1481.1376453623068,-1481.1376453623068,0.0,0.0,0.0,24165.361684914074
2011-05-15,25676.451499967145,-11389.680785316401,33438.951730493514,25676.451499967145,25676.451499967145,-14924.628285750778,-14924.628285750778,-14924.628285750778,-14924.628285750778,-14924.628285750778,-14924.628285750778,0.0,0.0,0.0,10751.823214216367
2011-05-16,25691.42758481253,-774.220303653883,46963.62797367008,25691.42758481253,25691.42758481253,-2002.88333392921,-2002.88333392921,-2002.88333392921,-2002.88333392921,-2002.88333392921,-2002.88333392921,0.0,0.0,0.0,23688.54425088332
2011-05-17,25706.403669657913,6526.707091927186,50231.900139766054,25706.403669657913,25706.403669657913,1972.970972706861,1972.970972706861,1972.970972706861,1972.970972706861,1972.970972706861,1972.970972706861,0.0,0.0,0.0,27679.374642364775
2011-05-18,25721.379754503294,1610.8604913036982,46989.685458497,25721.379754503294,25721.379754503294,-755.7533500150932,-755.7533500150932,-755.7533500150932,-755.7533500150932,-755.7533500150932,-755.7533500150932,0.0,0.0,0.0,24965.6264044882
2011-05-19,25736.35583934868,9917.36929311391,55622.20234291683,25736.35583934868,25736.35583934868,6543.299796557437,6543.299796557437,6543.299796557437,6543.299796557437,6543.299796557437,6543.299796557437,0.0,0.0,0.0,32279.655635906114
2011-05-20,25751.33192419406,2173.437225001258,45194.380897102834,25751.33192419406,25751.33192419406,-1481.1376453452067,-1481.1376453452067,-1481.1376453452067,-1481.1376453452067,-1481.1376453452067,-1481.1376453452067,0.0,0.0,0.0,24270.194278848852
2011-05-22,25781.284093884824,-12693.471050721291,33066.66735583514,25781.284093884824,25781.284093884824,-14924.628285734949,-14924.628285734949,-14924.628285734949,-14924.628285734949,-14924.628285734949,-14924.628285734949,0.0,0.0,0.0,10856.655808149875
2011-05-23,25796.260178730212,655.2066715199078,47481.45428307913,25796.260178730212,25796.260178730212,-2002.8833339338316,-2002.8833339338316,-2002.8833339338316,-2002.8833339338316,-2002.8833339338316,-2002.8833339338316,0.0,0.0,0.0,23793.37684479638
2011-05-24,25811.236263575593,4411.64951196517,51439.84972132844,25811.236263575593,25811.236263575593,1972.9709727238069,1972.9709727238069,1972.9709727238069,1972.9709727238069,1972.9709727238069,1972.9709727238069,0.0,0.0,0.0,27784.2072362994
2011-05-25,25826.212348420973,2266.369052501714,49496.17115923711,25826.212348420973,25826.212348420973,-755.7533499756197,-755.7533499756197,-755.7533499756197,-755.7533499756197,-755.7533499756197,-755.7533499756197,0.0,0.0,0.0,25070.458998445352
2011-05-26,25841.188436409728,10915.152955327583,54575.520720287386,25841.188436409728,25841.188436409728,6543.2997965622735,6543.2997965622735,6543.2997965622735,6543.2997965622735,6543.2997965622735,6543.2997965622735,0.0,0.0,0.0,32384.488232972002
2011-05-27,25856.164524398486,3042.4844138039957,48251.65940118178,25856.164524398486,25856.164524398486,-1481.1376453541532,-1481.1376453541532,-1481.1376453541532,-1481.1376453541532,-1481.1376453541532,-1481.1376453541532,0.0,0.0,0.0,24375.026879044333
2011-05-29,25886.116700376,-13618.169750290153,33744.98638688498,25886.116700376,25886.116700376,-14924.628285732604,-14924.628285732604,-14924.628285732604,-14924.628285732604,-14924.628285732604,-14924.628285732604,0.0,0.0,0.0,10961.488414643394
2011-05-31,25916.06887635351,4947.76366301338,50960.42024715486,25916.06887635351,25916.06887635351,1972.9709726824033,1972.9709726824033,1972.9709726824033,1972.9709726824033,1972.9709726824033,1972.9709726824033,0.0,0.0,0.0,27889.039849035915
2011-06-01,25931.044964342265,2792.1537958537283,48711.66242379246,25931.044964342265,25931.044964342265,-755.7533499827514,-755.7533499827514,-755.7533499827514,-755.7533499827514,-755.7533499827514,-755.7533499827514,0.0,0.0,0.0,25175.291614359514
2011-06-02,25946.021052331023,10170.37760307675,55032.74573428686,25946.021052331023,25946.021052331023,6543.299796574151,6543.299796574151,6543.299796574151,6543.299796574151,6543.299796574151,6543.299796574151,0.0,0.0,0.0,32489.320848905176
2011-06-03,25960.997140319778,1239.5096817572564,46345.293574746036,25960.997140319778,25960.997140319778,-1481.1376453557266,-1481.1376453557266,-1481.1376453557266,-1481.1376453557266,-1481.1376453557266,-1481.1376453557266,0.0,0.0,0.0,24479.85949496405
2011-06-05,25990.94931629729,-12639.614986103767,33590.94742546472,25990.94931629729,25990.94931629729,-14924.628285716775,-14924.628285716775,-14924.628285716775,-14924.628285716775,-14924.628285716775,-14924.628285716775,0.0,0.0,0.0,11066.321030580515
2011-06-06,26005.92540428605,325.4436668155603,46710.74547533144,26005.92540428605,26005.92540428605,-2002.8833339116763,-2002.8833339116763,-2002.8833339116763,-2002.8833339116763,-2002.8833339116763,-2002.8833339116763,0.0,0.0,0.0,24003.042070374373
2011-06-07,26020.901492274803,3915.12461761201,50036.238141110916,26020.901492274803,26020.901492274803,1972.9709726892606,1972.9709726892606,1972.9709726892606,1972.9709726892606,1972.9709726892606,1972.9709726892606,0.0,0.0,0.0,27993.872464964064
2011-06-08,26035.880575666193,2428.1582660339236,47449.08414659527,26035.880575666193,26035.880575666193,-755.7533499983814,-755.7533499983814,-755.7533499983814,-755.7533499983814,-755.7533499983814,-755.7533499983814,0.0,0.0,0.0,25280.127225667813
2011-06-09,26050.859659057587,8919.491537837139,56190.21260014774,26050.859659057587,26050.859659057587,6543.2997965860295,6543.2997965860295,6543.2997965860295,6543.2997965860295,6543.2997965860295,6543.2997965860295,0.0,0.0,0.0,32594.159455643618
2011-06-10,26065.83874244898,394.50636959804297,46333.064634102484,26065.83874244898,26065.83874244898,-1481.1376453386265,-1481.1376453386265,-1481.1376453386265,-1481.1376453386265,-1481.1376453386265,-1481.1376453386265,0.0,0.0,0.0,24584.701097110355
2011-06-12,26095.79690923177,-10813.867345222874,34343.62205929405,26095.79690923177,26095.79690923177,-14924.628285700945,-14924.628285700945,-14924.628285700945,-14924.628285700945,-14924.628285700945,-14924.628285700945,0.0,0.0,0.0,11171.168623530824
2011-06-13,26110.775992623163,1513.892477768966,46976.451812618725,26110.775992623163,26110.775992623163,-2002.8833339162966,-2002.8833339162966,-2002.8833339162966,-2002.8833339162966,-2002.8833339162966,-2002.8833339162966,0.0,0.0,0.0,24107.892658706867
2011-06-14,26125.75507601455,3595.7334004803997,52142.997665249684,26125.75507601455,26125.75507601455,1972.9709727062072,1972.9709727062072,1972.9709727062072,1972.9709727062072,1972.9709727062072,1972.9709727062072,0.0,0.0,0.0,28098.726048720757
2011-06-15,26140.734159405944,2311.1773186653136,48494.45317928499,26140.734159405944,26140.734159405944,-755.7533500055125,-755.7533500055125,-755.7533500055125,-755.7533500055125,-755.7533500055125,-755.7533500055125,0.0,0.0,0.0,25384.98080940043
2011-06-16,26155.713242797337,10714.955217224646,54691.61192424961,26155.713242797337,26155.713242797337,6543.299796556964,6543.299796556964,6543.299796556964,6543.299796556964,6543.299796556964,6543.299796556964,0.0,0.0,0.0,32699.0130393543
2011-06-17,26170.692326188728,1647.9754938585947,46678.32430748978,26170.692326188728,26170.692326188728,-1481.1376453475718,-1481.1376453475718,-1481.1376453475718,-1481.1376453475718,-1481.1376453475718,-1481.1376453475718,0.0,0.0,0.0,24689.554680841156
2011-06-19,26200.650492971523,-11182.41407191611,32565.622022083313,26200.650492971523,26200.650492971523,-14924.628285698594,-14924.628285698594,-14924.628285698594,-14924.628285698594,-14924.628285698594,-14924.628285698594,0.0,0.0,0.0,11276.022207272928
2011-06-20,26221.795244787056,2208.712834017967,46911.30437574549,26221.795244787056,26221.795244787056,-2002.883333920919,-2002.883333920919,-2002.883333920919,-2002.883333920919,-2002.883333920919,-2002.883333920919,0.0,0.0,0.0,24218.911910866136
2011-06-21,26242.939996602592,5615.669072060315,51002.35522371877,26242.939996602592,26242.939996602592,1972.9709726648043,1972.9709726648043,1972.9709726648043,1972.9709726648043,1972.9709726648043,1972.9709726648043,0.0,0.0,0.0,28215.910969267396
2011-06-22,26264.084748418132,2397.9797244073525,49902.510136636476,26264.084748418132,26264.084748418132,-755.7533500126449,-755.7533500126449,-755.7533500126449,-755.7533500126449,-755.7533500126449,-755.7533500126449,0.0,0.0,0.0,25508.331398405488
2011-06-23,26285.229500233665,8916.000662309227,55947.89891510019,26285.229500233665,26285.229500233665,6543.299796561799,6543.299796561799,6543.299796561799,6543.299796561799,6543.299796561799,6543.299796561799,0.0,0.0,0.0,32828.52929679547
2011-06-24,26306.3742520492,629.7896073274103,47388.30268194752,26306.3742520492,26306.3742520492,-1481.1376453491466,-1481.1376453491466,-1481.1376453491466,-1481.1376453491466,-1481.1376453491466,-1481.1376453491466,0.0,0.0,0.0,24825.236606700055
2011-06-26,26348.66375568027,-12457.710567894132,33878.61510376381,26348.66375568027,26348.66375568027,-14924.628285728068,-14924.628285728068,-14924.628285728068,-14924.628285728068,-14924.628285728068,-14924.628285728068,0.0,0.0,0.0,11424.035469952203
2011-06-27,26369.808507495807,112.22715058541243,47134.98216995261,26369.808507495807,26369.808507495807,-2002.8833338754991,-2002.8833338754991,-2002.8833338754991,-2002.8833338754991,-2002.8833338754991,-2002.8833338754991,0.0,0.0,0.0,24366.925173620308
2011-06-28,26390.953259311344,5355.092861698354,53107.57098643385,26390.953259311344,26390.953259311344,1972.9709726716624,1972.9709726716624,1972.9709726716624,1972.9709726716624,1972.9709726716624,1972.9709726716624,0.0,0.0,0.0,28363.924231983005
2011-06-29,26412.09801112688,2909.835363528558,48137.849959102765,26412.09801112688,26412.09801112688,-755.7533500282749,-755.7533500282749,-755.7533500282749,-755.7533500282749,-755.7533500282749,-755.7533500282749,0.0,0.0,0.0,25656.344661098607
2011-06-30,26440.465265755847,8536.635943630006,55597.345731975875,26440.465265755847,26440.465265755847,6543.299796573676,6543.299796573676,6543.299796573676,6543.299796573676,6543.299796573676,6543.299796573676,0.0,0.0,0.0,32983.76506232952
2011-07-01,26468.832520384814,1870.3131712945521,47619.6606432051,26468.832520384814,26468.832520384814,-1481.1376453507198,-1481.1376453507198,-1481.1376453507198,-1481.1376453507198,-1481.1376453507198,-1481.1376453507198,0.0,0.0,0.0,24987.694875034096
2011-07-03,26525.56702964274,-11276.330639891416,33393.63947730703,26525.56702964274,26525.56702964274,-14924.628285712239,-14924.628285712239,-14924.628285712239,-14924.628285712239,-14924.628285712239,-14924.628285712239,0.0,0.0,0.0,11600.938743930503
2011-07-04,26553.93428427171,2499.8361276839655,48224.41509288134,26553.93428427171,26553.93428427171,-2002.8833338987636,-2002.8833338987636,-2002.8833338987636,-2002.8833338987636,-2002.8833338987636,-2002.8833338987636,0.0,0.0,0.0,24551.050950372944
2011-07-05,26582.301538900672,4183.559203969277,50933.82159014647,26582.301538900672,26582.301538900672,1972.9709726886092,1972.9709726886092,1972.9709726886092,1972.9709726886092,1972.9709726886092,1972.9709726886092,0.0,0.0,0.0,28555.272511589283
2011-07-06,26610.668793529636,3195.6307110771836,48002.05839909301,26610.668793529636,26610.668793529636,-755.7533500439046,-755.7533500439046,-755.7533500439046,-755.7533500439046,-755.7533500439046,-755.7533500439046,0.0,0.0,0.0,25854.91544348573
2011-07-07,26639.0360481586,10318.729185050777,56254.69862789634,26639.0360481586,26639.0360481586,6543.299796544609,6543.299796544609,6543.299796544609,6543.299796544609,6543.299796544609,6543.299796544609,0.0,0.0,0.0,33182.33584470321
2011-07-08,26667.403302787567,2713.424784646973,49065.95726039647,26667.403302787567,26667.403302787567,-1481.1376453336197,-1481.1376453336197,-1481.1376453336197,-1481.1376453336197,-1481.1376453336197,-1481.1376453336197,0.0,0.0,0.0,25186.265657453947
2011-07-10,26724.137812045494,-9750.917732218313,33808.04625639325,26724.137812045494,26724.137812045494,-14924.628285709892,-14924.628285709892,-14924.628285709892,-14924.628285709892,-14924.628285709892,-14924.628285709892,0.0,0.0,0.0,11799.509526335602
2011-07-11,26752.505066674465,3712.874224695929,47908.03135931919,26752.505066674465,26752.505066674465,-2002.883333903384,-2002.883333903384,-2002.883333903384,-2002.883333903384,-2002.883333903384,-2002.883333903384,0.0,0.0,0.0,24749.62173277108
2011-07-12,26814.499619761496,6007.790771199921,52368.67278043157,26814.499619761496,26814.499619761496,1972.970972705554,1972.970972705554,1972.970972705554,1972.970972705554,1972.970972705554,1972.970972705554,0.0,0.0,0.0,28787.47059246705
2011-07-13,26876.49417284852,3751.2558998422146,49125.35806017856,26876.49417284852,26876.49417284852,-755.7533500044303,-755.7533500044303,-755.7533500044303,-755.7533500044303,-755.7533500044303,-755.7533500044303,0.0,0.0,0.0,26120.74082284409
2011-07-14,26938.488725935546,9958.382909274485,55442.18550822742,26938.488725935546,26938.488725935546,6543.299796549447,6543.299796549447,6543.299796549447,6543.299796549447,6543.299796549447,6543.299796549447,0.0,0.0,0.0,33481.78852248499
2011-07-15,27000.483279022577,2623.80999195497,49848.378286154875,27000.483279022577,27000.483279022577,-1481.1376453425664,-1481.1376453425664,-1481.1376453425664,-1481.1376453425664,-1481.1376453425664,-1481.1376453425664,0.0,0.0,0.0,25519.34563368001
2011-07-17,27124.47238519663,-10654.07498262624,34268.79843997217,27124.47238519663,27124.47238519663,-14924.628285707544,-14924.628285707544,-14924.628285707544,-14924.628285707544,-14924.628285707544,-14924.628285707544,0.0,0.0,0.0,12199.844099489086
2011-07-18,27186.46693828366,2208.5672963883503,48540.31736113586,27186.46693828366,27186.46693828366,-2002.8833338579661,-2002.8833338579661,-2002.8833338579661,-2002.8833338579661,-2002.8833338579661,-2002.8833338579661,0.0,0.0,0.0,25183.583604425694
2011-07-19,27248.461491370683,6993.372844686508,52344.08618512229,27248.461491370683,27248.461491370683,1972.9709727023246,1972.9709727023246,1972.9709727023246,1972.9709727023246,1972.9709727023246,1972.9709727023246,0.0,0.0,0.0,29221.43246407301
2011-07-20,27310.45604445771,2836.630079217494,48605.5530547293,27310.45604445771,27310.45604445771,-755.7533500115624,-755.7533500115624,-755.7533500115624,-755.7533500115624,-755.7533500115624,-755.7533500115624,0.0,0.0,0.0,26554.702694446147
2011-07-21,27372.450597544743,11040.137075388639,56700.33352620755,27372.450597544743,27372.450597544743,6543.299796561323,6543.299796561323,6543.299796561323,6543.299796561323,6543.299796561323,6543.299796561323,0.0,0.0,0.0,33915.750394106064
2011-07-22,27434.445150631764,2639.4764902839825,47452.58184826774,27434.445150631764,27434.445150631764,-1481.1376453441399,-1481.1376453441399,-1481.1376453441399,-1481.1376453441399,-1481.1376453441399,-1481.1376453441399,0.0,0.0,0.0,25953.307505287623
2011-07-24,27633.172354094433,-10192.185451974206,35644.29138390982,27633.172354094433,27633.172354094433,-14924.628285737017,-14924.628285737017,-14924.628285737017,-14924.628285737017,-14924.628285737017,-14924.628285737017,0.0,0.0,0.0,12708.544068357416
2011-07-25,27732.535955825766,1792.9174592131399,47386.277396103644,27732.535955825766,27732.535955825766,-2002.8833338812292,-2002.8833338812292,-2002.8833338812292,-2002.8833338812292,-2002.8833338812292,-2002.8833338812292,0.0,0.0,0.0,25729.652621944537
2011-07-26,27831.8995575571,5316.795896545924,53070.54980331742,27831.8995575571,27831.8995575571,1972.970972719271,1972.970972719271,1972.970972719271,1972.970972719271,1972.970972719271,1972.970972719271,0.0,0.0,0.0,29804.87053027637
2011-07-27,27931.26315928843,3708.2994584569183,50537.715916950685,27931.26315928843,27931.26315928843,-755.7533500271927,-755.7533500271927,-755.7533500271927,-755.7533500271927,-755.7533500271927,-755.7533500271927,0.0,0.0,0.0,27175.50980926124
2011-07-28,28030.62676101977,12008.33066481471,56725.89603634065,28030.62676101977,28030.62676101977,6543.2997965732,6543.2997965732,6543.2997965732,6543.2997965732,6543.2997965732,6543.2997965732,0.0,0.0,0.0,34573.92655759297
2011-07-29,28129.9903627511,3833.66814147104,51539.152646247014,28129.9903627511,28129.9903627511,-1481.1376453530863,-1481.1376453530863,-1481.1376453530863,-1481.1376453530863,-1481.1376453530863,-1481.1376453530863,0.0,0.0,0.0,26648.852717398015
2011-07-31,28328.717566213767,-9594.498369031582,34103.83009128469,28328.717566213767,28328.717566213767,-14924.628285721186,-14924.628285721186,-14924.628285721186,-14924.628285721186,-14924.628285721186,-14924.628285721186,0.0,0.0,0.0,13404.08928049258
2011-08-01,28428.0811679451,4039.450704348795,48290.19786504639,28428.0811679451,28428.0811679451,-2002.883333885851,-2002.883333885851,-2002.883333885851,-2002.883333885851,-2002.883333885851,-2002.883333885851,0.0,0.0,0.0,26425.19783405925
2011-08-02,28527.44476967643,6300.822446348912,54434.29759260761,28527.44476967643,28527.44476967643,1972.970972736217,1972.970972736217,1972.970972736217,1972.970972736217,1972.970972736217,1972.970972736217,0.0,0.0,0.0,30500.415742412646
2011-08-03,28663.900124632804,6535.1240566007655,49735.85087485308,28663.900124632804,28663.900124632804,-755.7533499877188,-755.7533499877188,-755.7533499877188,-755.7533499877188,-755.7533499877188,-755.7533499877188,0.0,0.0,0.0,27908.146774645087
2011-08-04,28800.35547958918,13286.584133290426,57696.51512611959,28800.35547958918,28800.35547958918,6543.299796544134,6543.299796544134,6543.299796544134,6543.299796544134,6543.299796544134,6543.299796544134,0.0,0.0,0.0,35343.655276133315
2011-08-05,28936.810834545555,3998.3037376257716,50772.32183274598,28936.810834545555,28936.810834545555,-1481.1376453620317,-1481.1376453620317,-1481.1376453620317,-1481.1376453620317,-1481.1376453620317,-1481.1376453620317,0.0,0.0,0.0,27455.673189183522
2011-08-07,29209.7215444583,-8840.114465081582,38721.32619628411,29209.7215444583,29209.7215444583,-14924.628285718836,-14924.628285718836,-14924.628285718836,-14924.628285718836,-14924.628285718836,-14924.628285718836,0.0,0.0,0.0,14285.093258739465
2011-08-08,29346.176899414677,1543.94877742033,51174.54500347709,29346.176899414677,29346.176899414677,-2002.883333890472,-2002.883333890472,-2002.883333890472,-2002.883333890472,-2002.883333890472,-2002.883333890472,0.0,0.0,0.0,27343.293565524204
2011-08-09,29482.632254371052,9546.994737706727,55296.26537821983,29482.632254371052,29482.632254371052,1972.9709726948136,1972.9709726948136,1972.9709726948136,1972.9709726948136,1972.9709726948136,1972.9709726948136,0.0,0.0,0.0,31455.603227065865
2011-08-10,29619.087609327427,7897.071403823642,51940.480589436156,29619.087609327427,29619.087609327427,-755.7533499948509,-755.7533499948509,-755.7533499948509,-755.7533499948509,-755.7533499948509,-755.7533499948509,0.0,0.0,0.0,28863.334259332576
2011-08-11,29755.542964283803,15026.416114378444,59459.459771885326,29755.542964283803,29755.542964283803,6543.299796548971,6543.299796548971,6543.299796548971,6543.299796548971,6543.299796548971,6543.299796548971,0.0,0.0,0.0,36298.84276083278
2011-08-12,29891.998319240178,6767.183345423286,51785.528147836834,29891.998319240178,29891.998319240178,-1481.137645363605,-1481.137645363605,-1481.137645363605,-1481.137645363605,-1481.137645363605,-1481.137645363605,0.0,0.0,0.0,28410.860673876574
2011-08-14,30164.90902915293,-6401.641642959287,38763.50898367091,30164.90902915293,30164.90902915293,-14924.62828574831,-14924.62828574831,-14924.62828574831,-14924.62828574831,-14924.62828574831,-14924.62828574831,0.0,0.0,0.0,15240.280743404619
2011-08-15,30337.387425019464,5496.689755434271,51768.33713731084,30337.387425019464,30337.387425019464,-2002.8833339323778,-2002.8833339323778,-2002.8833339323778,-2002.8833339323778,-2002.8833339323778,-2002.8833339323778,0.0,0.0,0.0,28334.504091087085
2011-08-16,30509.865820886,10008.313331241385,54062.187857411,30509.865820886,30509.865820886,1972.9709727016714,1972.9709727016714,1972.9709727016714,1972.9709727016714,1972.9709727016714,1972.9709727016714,0.0,0.0,0.0,32482.83679358767
2011-08-17,30682.344216752535,6402.196913117134,52167.388259223546,30682.344216752535,30682.344216752535,-755.7533500104805,-755.7533500104805,-755.7533500104805,-755.7533500104805,-755.7533500104805,-755.7533500104805,0.0,0.0,0.0,29926.590866742055
2011-08-18,30854.822612619075,14107.15078463302,58731.191072388814,30854.822612619075,30854.822612619075,6543.299796560847,6543.299796560847,6543.299796560847,6543.299796560847,6543.299796560847,6543.299796560847,0.0,0.0,0.0,37398.12240917992
2011-08-19,31027.301008485603,6896.791244543463,51181.359629276725,31027.301008485603,31027.301008485603,-1481.137645346505,-1481.137645346505,-1481.137645346505,-1481.137645346505,-1481.137645346505,-1481.137645346505,0.0,0.0,0.0,29546.163363139098
2011-08-21,31372.25780021868,-8302.056688004157,39454.40638141231,31372.25780021868,31372.25780021868,-14924.628285732484,-14924.628285732484,-14924.628285732484,-14924.628285732484,-14924.628285732484,-14924.628285732484,0.0,0.0,0.0,16447.629514486194
2011-08-22,31544.736196085214,7255.487721877606,52306.378011996705,31544.736196085214,31544.736196085214,-2002.8833339370003,-2002.8833339370003,-2002.8833339370003,-2002.8833339370003,-2002.8833339370003,-2002.8833339370003,0.0,0.0,0.0,29541.852862148215
2011-08-23,31717.21459195175,10649.981071207889,55587.25322892257,31717.21459195175,31717.21459195175,1972.970972718618,1972.970972718618,1972.970972718618,1972.970972718618,1972.970972718618,1972.970972718618,0.0,0.0,0.0,33690.18556467037
2011-08-24,31889.69298781829,9801.740388555058,53239.212924820546,31889.69298781829,31889.69298781829,-755.7533500261098,-755.7533500261098,-755.7533500261098,-755.7533500261098,-755.7533500261098,-755.7533500261098,0.0,0.0,0.0,31133.93963779218
2011-08-25,32062.171383684825,14601.519831948599,59752.49616434014,32062.171383684825,32062.171383684825,6543.299796531782,6543.299796531782,6543.299796531782,6543.299796531782,6543.299796531782,6543.299796531782,0.0,0.0,0.0,38605.471180216606
2011-08-26,32257.063767649764,8012.173380461783,53885.02677487309,32257.063767649764,32257.063767649764,-1481.1376453554517,-1481.1376453554517,-1481.1376453554517,-1481.1376453554517,-1481.1376453554517,-1481.1376453554517,0.0,0.0,0.0,30775.926122294313
2011-08-28,32646.84853557965,-6327.301987864848,41085.34464387638,32646.84853557965,32646.84853557965,-14924.628285730134,-14924.628285730134,-14924.628285730134,-14924.628285730134,-14924.628285730134,-14924.628285730134,0.0,0.0,0.0,17722.220249849517
2011-08-30,33036.63330350954,10683.529172724098,56984.44841630756,33036.63330350954,33036.63330350954,1972.9709726772153,1972.9709726772153,1972.9709726772153,1972.9709726772153,1972.9709726772153,1972.9709726772153,0.0,0.0,0.0,35009.60427618675
2011-08-31,33231.52568747448,11186.828911118866,56251.232285327234,33231.52568747448,33231.52568747448,-755.7533499866356,-755.7533499866356,-755.7533499866356,-755.7533499866356,-755.7533499866356,-755.7533499866356,0.0,0.0,0.0,32475.772337487844
2011-09-01,33426.418071439424,17179.799478730474,62558.66699462484,33426.418071439424,33426.418071439424,6543.299796570521,6543.299796570521,6543.299796570521,6543.299796570521,6543.299796570521,6543.299796570521,0.0,0.0,0.0,39969.717868009946
2011-09-02,33621.31045540437,9157.024887907164,54143.34305913857,33621.31045540437,33621.31045540437,-1481.1376453570238,-1481.1376453570238,-1481.1376453570238,-1481.1376453570238,-1481.1376453570238,-1481.1376453570238,0.0,0.0,0.0,32140.172810047345
2011-09-04,34011.095223334254,-3591.644904339041,42253.86665242479,34011.095223334254,34011.095223334254,-14924.628285727786,-14924.628285727786,-14924.628285727786,-14924.628285727786,-14924.628285727786,-14924.628285727786,0.0,0.0,0.0,19086.46693760647
2011-09-05,34205.98760729919,9362.250437930905,54050.289286548585,34205.98760729919,34205.98760729919,-2002.8833338962008,-2002.8833338962008,-2002.8833338962008,-2002.8833338962008,-2002.8833338962008,-2002.8833338962008,0.0,0.0,0.0,32203.10427340299
2011-09-06,34400.87999126414,13394.149067396022,57764.524303856684,34400.87999126414,34400.87999126414,1972.9709726840724,1972.9709726840724,1972.9709726840724,1972.9709726840724,1972.9709726840724,1972.9709726840724,0.0,0.0,0.0,36373.850963948214
2011-09-07,34595.77237522907,9828.164521227496,57242.42496770726,34595.77237522907,34595.77237522907,-755.7533499937683,-755.7533499937683,-755.7533499937683,-755.7533499937683,-755.7533499937683,-755.7533499937683,0.0,0.0,0.0,33840.0190252353
2011-09-08,34790.664928049846,18302.963728807503,63053.515967753076,34790.664928049846,34790.664928049846,6543.299796582399,6543.299796582399,6543.299796582399,6543.299796582399,6543.299796582399,6543.299796582399,0.0,0.0,0.0,41333.96472463224
2011-09-09,34985.55748087061,10823.735991582495,56105.516140334,34985.55748087061,34985.55748087061,-1481.1376453585972,-1481.1376453585972,-1481.1376453585972,-1481.1376453585972,-1481.1376453585972,-1481.1376453585972,0.0,0.0,0.0,33504.41983551201
2011-09-11,35375.342586512146,-889.4992427034555,44275.186721447586,35375.342586512146,35375.342586512146,-14924.628285698478,-14924.628285698478,-14924.628285698478,-14924.628285698478,-14924.628285698478,-14924.628285698478,0.0,0.0,0.0,20450.71430081367
2011-09-12,35570.23513933291,11621.184320883911,56765.80259297982,35570.23513933291,35570.23513933291,-2002.8833339194653,-2002.8833339194653,-2002.8833339194653,-2002.8833339194653,-2002.8833339194653,-2002.8833339194653,0.0,0.0,0.0,33567.35180541344
2011-09-13,35765.127692153685,15376.44151640017,59099.23319595074,35765.127692153685,35765.127692153685,1972.970972701019,1972.970972701019,1972.970972701019,1972.970972701019,1972.970972701019,1972.970972701019,0.0,0.0,0.0,37738.098664854704
2011-09-14,35960.02024497445,12552.31724212406,58093.55313302944,35960.02024497445,35960.02024497445,-755.7533500093971,-755.7533500093971,-755.7533500093971,-755.7533500093971,-755.7533500093971,-755.7533500093971,0.0,0.0,0.0,35204.26689496505
2011-09-15,36154.91279779522,20899.668892287933,66201.77137047103,36154.91279779522,36154.91279779522,6543.29979655333,6543.29979655333,6543.29979655333,6543.29979655333,6543.29979655333,6543.29979655333,0.0,0.0,0.0,42698.21259434855
2011-09-16,36349.805350615985,11844.22507203331,55883.90046882759,36349.805350615985,36349.805350615985,-1481.1376453414982,-1481.1376453414982,-1481.1376453414982,-1481.1376453414982,-1481.1376453414982,-1481.1376453414982,0.0,0.0,0.0,34868.667705274485
2011-09-18,36739.59045625752,-2292.609054341318,45931.32613297772,36739.59045625752,36739.59045625752,-14924.62828569613,-14924.62828569613,-14924.62828569613,-14924.62828569613,-14924.62828569613,-14924.62828569613,0.0,0.0,0.0,21814.962170561394
2011-09-19,36934.483014864316,12350.373519550543,57159.130141997775,36934.483014864316,36934.483014864316,-2002.8833339240869,-2002.8833339240869,-2002.8833339240869,-2002.8833339240869,-2002.8833339240869,-2002.8833339240869,0.0,0.0,0.0,34931.59968094023
2011-09-20,37129.375573471116,16185.65962945314,61277.08857459522,37129.375573471116,37129.375573471116,1972.9709727179643,1972.9709727179643,1972.9709727179643,1972.9709727179643,1972.9709727179643,1972.9709727179643,0.0,0.0,0.0,39102.34654618908
2011-09-21,37324.26813207791,13808.798909443813,60408.03811095938,37324.26813207791,37324.26813207791,-755.7533499699241,-755.7533499699241,-755.7533499699241,-755.7533499699241,-755.7533499699241,-755.7533499699241,0.0,0.0,0.0,36568.51478210798
2011-09-22,37519.16069068471,21334.68586431264,66956.06892877001,37519.16069068471,37519.16069068471,6543.299796558169,6543.299796558169,6543.299796558169,6543.299796558169,6543.299796558169,6543.299796558169,0.0,0.0,0.0,44062.460487242875
2011-09-23,37714.0532492915,15131.120595563387,60614.758841452596,37714.0532492915,37714.0532492915,-1481.137645350445,-1481.137645350445,-1481.137645350445,-1481.137645350445,-1481.137645350445,-1481.137645350445,0.0,0.0,0.0,36232.91560394106
2011-09-25,38103.8383665051,-470.2952308284003,46568.74778427295,38103.8383665051,38103.8383665051,-14924.62828569378,-14924.62828569378,-14924.62828569378,-14924.62828569378,-14924.62828569378,-14924.62828569378,0.0,0.0,0.0,23179.21008081132
2011-09-26,38298.7309251119,12106.039596395682,59214.9324278993,38298.7309251119,38298.7309251119,-2002.8833338786676,-2002.8833338786676,-2002.8833338786676,-2002.8833338786676,-2002.8833338786676,-2002.8833338786676,0.0,0.0,0.0,36295.847591233236
2011-09-27,38493.6234837187,16205.11097517398,63968.92832904511,38493.6234837187,38493.6234837187,1972.970972676561,1972.970972676561,1972.970972676561,1972.970972676561,1972.970972676561,1972.970972676561,0.0,0.0,0.0,40466.59445639526
2011-09-28,38688.51604232549,14616.822630584713,61007.712282671266,38688.51604232549,38688.51604232549,-755.7533500236611,-755.7533500236611,-755.7533500236611,-755.7533500236611,-755.7533500236611,-755.7533500236611,0.0,0.0,0.0,37932.76269230183
2011-09-29,38883.40860093229,22825.962528952918,67898.12472920764,38883.40860093229,38883.40860093229,6543.299796570046,6543.299796570046,6543.299796570046,6543.299796570046,6543.299796570046,6543.299796570046,0.0,0.0,0.0,45426.70839750234
2011-09-30,39078.30120958563,15581.672972880711,60971.11563109023,39078.30120958563,39078.30120958563,-1481.1376453520184,-1481.1376453520184,-1481.1376453520184,-1481.1376453520184,-1481.1376453520184,-1481.1376453520184,0.0,0.0,0.0,37597.16356423361
2011-10-02,39468.086426892325,1862.8428275629392,47437.16305544045,39468.086426892325,39468.086426892325,-14924.628285723253,-14924.628285723253,-14924.628285723253,-14924.628285723253,-14924.628285723253,-14924.628285723253,0.0,0.0,0.0,24543.458141169074
2011-10-03,39662.97903554568,14505.834872716192,59170.88818725195,39662.97903554568,39662.97903554568,-2002.8833339019322,-2002.8833339019322,-2002.8833339019322,-2002.8833339019322,-2002.8833339019322,-2002.8833339019322,0.0,0.0,0.0,37660.095701643746
2011-10-04,39857.871644199025,19328.002674261563,64837.52345604302,39857.871644199025,39857.871644199025,1972.9709726834196,1972.9709726834196,1972.9709726834196,1972.9709726834196,1972.9709726834196,1972.9709726834196,0.0,0.0,0.0,41830.842616882444
2011-10-05,40052.76425285237,16196.330831342651,61528.308914463196,40052.76425285237,40052.76425285237,-755.7533500392906,-755.7533500392906,-755.7533500392906,-755.7533500392906,-755.7533500392906,-755.7533500392906,0.0,0.0,0.0,39297.01090281308
2011-10-06,40247.65686150572,25002.53345789322,69256.48319049508,40247.65686150572,40247.65686150572,6543.299796581923,6543.299796581923,6543.299796581923,6543.299796581923,6543.299796581923,6543.299796581923,0.0,0.0,0.0,46790.95665808764
2011-10-07,40442.54947015907,16610.388026474047,62638.332961696855,40442.54947015907,40442.54947015907,-1481.1376453349183,-1481.1376453349183,-1481.1376453349183,-1481.1376453349183,-1481.1376453349183,-1481.1376453349183,0.0,0.0,0.0,38961.41182482416
2011-10-09,40832.334687465765,3744.8318271009853,50453.227380943834,40832.334687465765,40832.334687465765,-14924.628285707422,-14924.628285707422,-14924.628285707422,-14924.628285707422,-14924.628285707422,-14924.628285707422,0.0,0.0,0.0,25907.706401758343
2011-10-10,41027.227296119105,16908.23327371618,60373.82858708308,41027.227296119105,41027.227296119105,-2002.8833339065525,-2002.8833339065525,-2002.8833339065525,-2002.8833339065525,-2002.8833339065525,-2002.8833339065525,0.0,0.0,0.0,39024.34396221255
2011-10-11,41222.11990477246,19464.147852461938,68366.21321808817,41222.11990477246,41222.11990477246,1972.9709727003653,1972.9709727003653,1972.9709727003653,1972.9709727003653,1972.9709727003653,1972.9709727003653,0.0,0.0,0.0,43195.09087747282
2011-10-12,41417.0125134258,16952.139781256137,66126.05726872558,41417.0125134258,41417.0125134258,-755.7533499998176,-755.7533499998176,-755.7533499998176,-755.7533499998176,-755.7533499998176,-755.7533499998176,0.0,0.0,0.0,40661.25916342598
2011-10-13,41611.90512207915,26156.8039081607,70554.6827672789,41611.90512207915,41611.90512207915,6543.2997965528575,6543.2997965528575,6543.2997965528575,6543.2997965528575,6543.2997965528575,6543.2997965528575,0.0,0.0,0.0,48155.20491863201
2011-10-14,41806.7977307325,17982.13189649099,61982.44321095678,41806.7977307325,41806.7977307325,-1481.1376453438647,-1481.1376453438647,-1481.1376453438647,-1481.1376453438647,-1481.1376453438647,-1481.1376453438647,0.0,0.0,0.0,40325.660085388634
2011-10-16,42196.58294803919,5343.929962395142,50398.99405928797,42196.58294803919,42196.58294803919,-14924.628285705076,-14924.628285705076,-14924.628285705076,-14924.628285705076,-14924.628285705076,-14924.628285705076,0.0,0.0,0.0,27271.954662334116
2011-10-17,42391.47555669254,15471.36336173961,61732.17154781316,42391.47555669254,42391.47555669254,-2002.8833339111736,-2002.8833339111736,-2002.8833339111736,-2002.8833339111736,-2002.8833339111736,-2002.8833339111736,0.0,0.0,0.0,40388.592222781364
2011-10-18,42586.368165345884,20471.807910996267,67614.76453455964,42586.368165345884,42586.368165345884,1972.9709726589615,1972.9709726589615,1972.9709726589615,1972.9709726589615,1972.9709726589615,1972.9709726589615,0.0,0.0,0.0,44559.33913800485
2011-10-19,42781.26077399924,20230.047645516453,65063.9253405448,42781.26077399924,42781.26077399924,-755.7533500069491,-755.7533500069491,-755.7533500069491,-755.7533500069491,-755.7533500069491,-755.7533500069491,0.0,0.0,0.0,42025.50742399229
2011-10-20,42976.15338265258,28278.35100791842,71536.01376697537,42976.15338265258,42976.15338265258,6543.299796557693,6543.299796557693,6543.299796557693,6543.299796557693,6543.299796557693,6543.299796557693,0.0,0.0,0.0,49519.45317921027
2011-10-21,43171.04599130593,18357.997001396227,63804.21599221469,43171.04599130593,43171.04599130593,-1481.1376453454382,-1481.1376453454382,-1481.1376453454382,-1481.1376453454382,-1481.1376453454382,-1481.1376453454382,0.0,0.0,0.0,41689.908345960495
2011-10-23,43560.831208612624,4217.269489721559,52029.73970234003,43560.831208612624,43560.831208612624,-14924.628285734549,-14924.628285734549,-14924.628285734549,-14924.628285734549,-14924.628285734549,-14924.628285734549,0.0,0.0,0.0,28636.202922878074
2011-10-24,43755.72381726596,18894.073270289144,64823.848748563825,43755.72381726596,43755.72381726596,-2002.883333865755,-2002.883333865755,-2002.883333865755,-2002.883333865755,-2002.883333865755,-2002.883333865755,0.0,0.0,0.0,41752.84048340021
2011-10-25,43950.61642591932,23558.54671792951,69889.75594763806,43950.61642591932,43950.61642591932,1972.9709727140817,1972.9709727140817,1972.9709727140817,1972.9709727140817,1972.9709727140817,1972.9709727140817,0.0,0.0,0.0,45923.5873986334
2011-10-26,44145.509034572664,20510.60608112439,67185.57961691961,44145.509034572664,44145.509034572664,-755.7533500225793,-755.7533500225793,-755.7533500225793,-755.7533500225793,-755.7533500225793,-755.7533500225793,0.0,0.0,0.0,43389.75568455009
2011-10-27,44340.40164322601,28620.077728649332,74747.2826368937,44340.40164322601,44340.40164322601,6543.29979656957,6543.29979656957,6543.29979656957,6543.29979656957,6543.29979656957,6543.29979656957,0.0,0.0,0.0,50883.70143979558
2011-10-28,44535.29425187936,19892.862155959647,65801.35035329108,44535.29425187936,44535.29425187936,-1481.1376453470102,-1481.1376453470102,-1481.1376453470102,-1481.1376453470102,-1481.1376453470102,-1481.1376453470102,0.0,0.0,0.0,43054.15660653235
2011-10-30,44925.07946918605,6755.913055501997,52155.50921680129,44925.07946918605,44925.07946918605,-14924.62828571872,-14924.62828571872,-14924.62828571872,-14924.62828571872,-14924.62828571872,-14924.62828571872,0.0,0.0,0.0,30000.451183467332
2011-10-31,45119.972077839404,21063.294634184007,68260.63458727693,45119.972077839404,45119.972077839404,-2002.883333889018,-2002.883333889018,-2002.883333889018,-2002.883333889018,-2002.883333889018,-2002.883333889018,0.0,0.0,0.0,43117.088743950386
2011-11-01,45314.86468649274,23638.73560853254,71752.84902242388,45314.86468649274,45314.86468649274,1972.9709727310283,1972.9709727310283,1972.9709727310283,1972.9709727310283,1972.9709727310283,1972.9709727310283,0.0,0.0,0.0,47287.83565922377
2011-11-02,45509.7572951461,21827.7869539768,67156.90773072625,45509.7572951461,45509.7572951461,-755.7533500382086,-755.7533500382086,-755.7533500382086,-755.7533500382086,-755.7533500382086,-755.7533500382086,0.0,0.0,0.0,44754.00394510789
2011-11-03,45704.649903799436,29920.39482324986,74002.19864852651,45704.649903799436,45704.649903799436,6543.299796540503,6543.299796540503,6543.299796540503,6543.299796540503,6543.299796540503,6543.299796540503,0.0,0.0,0.0,52247.94970033994
2011-11-04,45899.54251245279,21442.76766290364,67108.78988265472,45899.54251245279,45899.54251245279,-1481.1376453299115,-1481.1376453299115,-1481.1376453299115,-1481.1376453299115,-1481.1376453299115,-1481.1376453299115,0.0,0.0,0.0,44418.40486712288
2011-11-06,46289.32772975948,7872.809296744978,54708.264058395194,46289.32772975948,46289.32772975948,-14924.628285716371,-14924.628285716371,-14924.628285716371,-14924.628285716371,-14924.628285716371,-14924.628285716371,0.0,0.0,0.0,31364.69944404311
2011-11-07,46484.22033841282,23016.652675747675,66996.84613573003,46484.22033841282,46484.22033841282,-2002.8833338936392,-2002.8833338936392,-2002.8833338936392,-2002.8833338936392,-2002.8833338936392,-2002.8833338936392,0.0,0.0,0.0,44481.337004519184
2011-11-08,46679.11294706616,25529.607799530997,72185.03552677704,46679.11294706616,46679.11294706616,1972.9709726896247,1972.9709726896247,1972.9709726896247,1972.9709726896247,1972.9709726896247,1972.9709726896247,0.0,0.0,0.0,48652.08391975579
2011-11-09,46874.00555571951,25335.21880703897,72186.97773566666,46874.00555571951,46874.00555571951,-755.7533499987351,-755.7533499987351,-755.7533499987351,-755.7533499987351,-755.7533499987351,-755.7533499987351,0.0,0.0,0.0,46118.252205720775
2011-11-10,47068.89816437287,30914.784268517265,75652.057479998,47068.89816437287,47068.89816437287,6543.299796545341,6543.299796545341,6543.299796545341,6543.299796545341,6543.299796545341,6543.299796545341,0.0,0.0,0.0,53612.19796091821
2011-11-11,47263.79077302621,23382.386740914626,68094.26830719052,47263.79077302621,47263.79077302621,-1481.1376453649034,-1481.1376453649034,-1481.1376453649034,-1481.1376453649034,-1481.1376453649034,-1481.1376453649034,0.0,0.0,0.0,45782.6531276613
2011-11-13,47653.575990332894,9781.855603253684,53949.18598804113,47653.575990332894,47653.575990332894,-14924.628285714025,-14924.628285714025,-14924.628285714025,-14924.628285714025,-14924.628285714025,-14924.628285714025,0.0,0.0,0.0,32728.94770461887
2011-11-14,47848.468598986256,22696.215289116124,69600.8141496738,47848.468598986256,47848.468598986256,-2002.8833338482214,-2002.8833338482214,-2002.8833338482214,-2002.8833338482214,-2002.8833338482214,-2002.8833338482214,0.0,0.0,0.0,45845.585265138034
2011-11-15,48043.3612076396,26959.519726723618,74380.85494191162,48043.3612076396,48043.3612076396,1972.9709726964827,1972.9709726964827,1972.9709726964827,1972.9709726964827,1972.9709726964827,1972.9709726964827,0.0,0.0,0.0,50016.33218033608
2011-11-16,48238.25381629294,24487.602437405618,69549.22123478386,48238.25381629294,48238.25381629294,-755.7533500058671,-755.7533500058671,-755.7533500058671,-755.7533500058671,-755.7533500058671,-755.7533500058671,0.0,0.0,0.0,47482.50046628708
2011-11-17,48433.14642494628,30960.803519310357,78392.03365096994,48433.14642494628,48433.14642494628,6543.299796557217,6543.299796557217,6543.299796557217,6543.299796557217,6543.299796557217,6543.299796557217,0.0,0.0,0.0,54976.446221503495
2011-11-18,48628.03903359965,24103.75647756637,70666.24697748358,48628.03903359965,48628.03903359965,-1481.1376453664768,-1481.1376453664768,-1481.1376453664768,-1481.1376453664768,-1481.1376453664768,-1481.1376453664768,0.0,0.0,0.0,47146.90138823317
2011-11-20,49017.82425090633,11096.946866504059,57701.1258974327,49017.82425090633,49017.82425090633,-14924.628285743494,-14924.628285743494,-14924.628285743494,-14924.628285743494,-14924.628285743494,-14924.628285743494,0.0,0.0,0.0,34093.195965162835
2011-11-21,49212.716859559674,24114.218272670398,70386.79436977269,49212.716859559674,49212.716859559674,-2002.8833338714844,-2002.8833338714844,-2002.8833338714844,-2002.8833338714844,-2002.8833338714844,-2002.8833338714844,0.0,0.0,0.0,47209.83352568819
2011-11-22,49407.609468213035,28507.72700484547,75543.44341555859,49407.609468213035,49407.609468213035,1972.9709727134293,1972.9709727134293,1972.9709727134293,1972.9709727134293,1972.9709727134293,1972.9709727134293,0.0,0.0,0.0,51380.58044092647
2011-11-23,49602.502076866374,26648.668306860483,71746.42528097438,49602.502076866374,49602.502076866374,-755.7533500214965,-755.7533500214965,-755.7533500214965,-755.7533500214965,-755.7533500214965,-755.7533500214965,0.0,0.0,0.0,48846.748726844875
2011-11-24,49797.39468551972,33399.71392434804,77625.95540673305,49797.39468551972,49797.39468551972,6543.299796569094,6543.299796569094,6543.299796569094,6543.299796569094,6543.299796569094,6543.299796569094,0.0,0.0,0.0,56340.69448208882
2011-11-25,49992.28729417306,23868.09115165703,69510.28383504432,49992.28729417306,49992.28729417306,-1481.137645349378,-1481.137645349378,-1481.137645349378,-1481.137645349378,-1481.137645349378,-1481.137645349378,0.0,0.0,0.0,48511.14964882368
2011-11-27,50382.07251147977,12523.272008872436,57213.286860833556,50382.07251147977,50382.07251147977,-14924.628285727666,-14924.628285727666,-14924.628285727666,-14924.628285727666,-14924.628285727666,-14924.628285727666,0.0,0.0,0.0,35457.4442257521
2011-11-28,50576.96512013311,25166.49902294164,71176.67160545404,50576.96512013311,50576.96512013311,-2002.8833339447865,-2002.8833339447865,-2002.8833339447865,-2002.8833339447865,-2002.8833339447865,-2002.8833339447865,0.0,0.0,0.0,48574.08178618832
2011-11-29,50771.85772878645,27225.976390442196,75186.90136849204,50771.85772878645,50771.85772878645,1972.9709727303748,1972.9709727303748,1972.9709727303748,1972.9709727303748,1972.9709727303748,1972.9709727303748,0.0,0.0,0.0,52744.828701516824
2011-11-30,50966.750337439815,28513.15145096482,71496.77225440269,50966.750337439815,50966.750337439815,-755.7533499820229,-755.7533499820229,-755.7533499820229,-755.7533499820229,-755.7533499820229,-755.7533499820229,0.0,0.0,0.0,50210.996987457795
2011-12-01,51161.642946093154,33809.56180486233,79553.42357834984,51161.642946093154,51161.642946093154,6543.299796540027,6543.299796540027,6543.299796540027,6543.299796540027,6543.299796540027,6543.299796540027,0.0,0.0,0.0,57704.94274263318
2011-12-02,51356.53555474649,26734.4286621032,71802.47405362283,51356.53555474649,51356.53555474649,-1481.1376453583234,-1481.1376453583234,-1481.1376453583234,-1481.1376453583234,-1481.1376453583234,-1481.1376453583234,0.0,0.0,0.0,49875.39790938817
2011-12-04,51746.3207720532,12666.729545260188,58628.06903483571,51746.3207720532,51746.3207720532,-14924.628285725319,-14924.628285725319,-14924.628285725319,-14924.628285725319,-14924.628285725319,-14924.628285725319,0.0,0.0,0.0,36821.692486327884
2011-12-05,51941.21338070654,27040.90940982879,72903.97004526643,51941.21338070654,51941.21338070654,-2002.8833338993693,-2002.8833338993693,-2002.8833338993693,-2002.8833338993693,-2002.8833338993693,-2002.8833338993693,0.0,0.0,0.0,49938.33004680717
2011-12-06,52136.10598935989,31799.24911293167,76637.18985706879,52136.10598935989,52136.10598935989,1972.9709726889723,1972.9709726889723,1972.9709726889723,1972.9709726889723,1972.9709726889723,1972.9709726889723,0.0,0.0,0.0,54109.07696204886
2011-12-07,52330.998598013226,31007.40279587092,74925.72239531462,52330.998598013226,52330.998598013226,-755.7533499891554,-755.7533499891554,-755.7533499891554,-755.7533499891554,-755.7533499891554,-755.7533499891554,0.0,0.0,0.0,51575.24524802407
2011-12-08,52525.89120666659,35408.28573260235,81865.2279226238,52525.89120666659,52525.89120666659,6543.299796578766,6543.299796578766,6543.299796578766,6543.299796578766,6543.299796578766,6543.299796578766,0.0,0.0,0.0,59069.19100324535
2011-12-09,52720.78381531993,27942.618672690773,74831.43410419599,52720.78381531993,52720.78381531993,-1481.1376453598969,-1481.1376453598969,-1481.1376453598969,-1481.1376453598969,-1481.1376453598969,-1481.1376453598969,0.0,0.0,0.0,51239.64616996003
2011-12-10,52915.67642397327,41235.40739439749,86461.1091881198,52915.67642397327,52915.67642397327,10648.131845714073,10648.131845714073,10648.131845714073,10648.131845714073,10648.131845714073,10648.131845714073,0.0,0.0,0.0,63563.808269687346
2011-12-11,53110.56903262662,16087.120103119287,62018.05982182093,53108.81674250227,53113.16614449578,-14924.62828575479,-14924.62828575479,-14924.62828575479,-14924.62828575479,-14924.62828575479,-14924.62828575479,0.0,0.0,0.0,38185.94074687183
2011-12-12,53305.46164127996,29705.238676311295,74985.71755848221,53299.602727571575,53313.105590643776,-2002.8833339226337,-2002.8833339226337,-2002.8833339226337,-2002.8833339226337,-2002.8833339226337,-2002.8833339226337,0.0,0.0,0.0,51302.578307357326
2011-12-13,53500.35424993332,33742.61307366435,77749.01851694682,53485.18331933145,53513.824623239576,1972.97097269583,1972.97097269583,1972.97097269583,1972.97097269583,1972.97097269583,1972.97097269583,0.0,0.0,0.0,55473.32522262915
2011-12-14,53695.24685858666,30163.768393907954,76527.57733121476,53675.28734191072,53716.398590186924,-755.753350004784,-755.753350004784,-755.753350004784,-755.753350004784,-755.753350004784,-755.753350004784,0.0,0.0,0.0,52939.49350858187
2011-12-15,53890.139467240006,37548.05080953345,82755.26930721573,53862.24010175933,53919.119870593815,6543.299796590644,6543.299796590644,6543.299796590644,6543.299796590644,6543.299796590644,6543.299796590644,0.0,0.0,0.0,60433.43926383065
2011-12-16,54085.032075893345,29550.22792326014,75531.18208241648,54049.34122946367,54125.681619825344,-1481.1376453427968,-1481.1376453427968,-1481.1376453427968,-1481.1376453427968,-1481.1376453427968,-1481.1376453427968,0.0,0.0,0.0,52603.89443055055
2011-12-17,54279.924684546706,40844.58637314908,87202.25194152727,54233.25699973367,54331.41045695148,10648.131845712021,10648.131845712021,10648.131845712021,10648.131845712021,10648.131845712021,10648.131845712021,0.0,0.0,0.0,64928.05653025873
2011-12-18,54474.81729320005,16774.9184891888,62635.00188966587,54416.809733160706,54537.97436533777,-14924.628285738961,-14924.628285738961,-14924.628285738961,-14924.628285738961,-14924.628285738961,-14924.628285738961,0.0,0.0,0.0,39550.18900746109
2011-12-19,54669.70990185339,29598.29432805589,75332.51578404599,54602.041297935284,54746.36510915815,-2002.8833339272535,-2002.8833339272535,-2002.8833339272535,-2002.8833339272535,-2002.8833339272535,-2002.8833339272535,0.0,0.0,0.0,52666.82656792614
2011-12-20,54864.60251050674,33547.062446454875,79657.25754858168,54783.921268447535,54954.05548997483,1972.9709727127752,1972.9709727127752,1972.9709727127752,1972.9709727127752,1972.9709727127752,1972.9709727127752,0.0,0.0,0.0,56837.573483219516
2011-12-21,55059.4951191601,31493.50082462192,75186.59212575816,54966.40137832256,55161.16252399649,-755.7533500204137,-755.7533500204137,-755.7533500204137,-755.7533500204137,-755.7533500204137,-755.7533500204137,0.0,0.0,0.0,54303.741769139684
2011-12-22,55254.38772781344,39943.22374825231,84332.31975739784,55148.88148819756,55370.14556554109,6543.299796561579,6543.299796561579,6543.299796561579,6543.299796561579,6543.299796561579,6543.299796561579,0.0,0.0,0.0,61797.68752437502
2011-12-23,55449.280336466785,31898.12247584579,76941.10095037427,55331.203233216016,55585.449912685515,-1481.137645351742,-1481.137645351742,-1481.137645351742,-1481.137645351742,-1481.137645351742,-1481.137645351742,0.0,0.0,0.0,53968.14269111504
2011-12-24,55644.172945120124,44553.75265412867,90155.12199248544,55511.00056454915,55792.638574237404,10648.131845723838,10648.131845723838,10648.131845723838,10648.131845723838,10648.131845723838,10648.131845723838,0.0,0.0,0.0,66292.30479084396
2011-12-25,55839.065553773486,16991.823188469276,63005.492577751545,55682.62997682062,56010.86035189271,-14924.628285691315,-14924.628285691315,-14924.628285691315,-14924.628285691315,-14924.628285691315,-14924.628285691315,0.0,0.0,0.0,40914.43726808217
2011-12-26,56033.95816242683,31307.53732918927,76448.00864684301,55856.14392338576,56220.98484105533,-2002.883333931874,-2002.883333931874,-2002.883333931874,-2002.883333931874,-2002.883333931874,-2002.883333931874,0.0,0.0,0.0,54031.07482849496
2011-12-27,56228.85077108017,36453.52470519719,82013.87412686182,56027.15350189054,56435.56836551486,1972.970972671372,1972.970972671372,1972.970972671372,1972.970972671372,1972.970972671372,1972.970972671372,0.0,0.0,0.0,58201.82174375154
2011-12-28,56423.74337973351,32598.86964280122,78378.11004263813,56210.30347050234,56653.767599501385,-755.7533499809405,-755.7533499809405,-755.7533499809405,-755.7533499809405,-755.7533499809405,-755.7533499809405,0.0,0.0,0.0,55667.99002975257
2011-12-29,56618.63598838688,39024.52669588797,84722.90565981081,56386.346397478614,56857.49417911192,6543.299796566414,6543.299796566414,6543.299796566414,6543.299796566414,6543.299796566414,6543.299796566414,0.0,0.0,0.0,63161.9357849533
2011-12-30,56813.52859704022,33532.95331411674,76471.57017272008,56562.42676964592,57073.0198365931,-1481.1376453533167,-1481.1376453533167,-1481.1376453533167,-1481.1376453533167,-1481.1376453533167,-1481.1376453533167,0.0,0.0,0.0,55332.3909516869
2011-12-31,57008.42120569356,45196.13903852163,89221.23227306874,56746.92969880054,57291.85692724001,10648.131845714492,10648.131845714492,10648.131845714492,10648.131845714492,10648.131845714492,10648.131845714492,0.0,0.0,0.0,67656.55305140805
2012-01-01,57203.313814346904,19061.142523193786,64999.64271043548,56922.94844577364,57507.45486571445,-14924.62828572078,-14924.62828572078,-14924.62828572078,-14924.62828572078,-14924.62828572078,-14924.62828572078,0.0,0.0,0.0,42278.68552862613
2012-01-02,57398.206423000265,33137.172115691035,78070.04822395797,57092.18079934521,57725.880640056326,-2002.8833338864565,-2002.8833338864565,-2002.8833338864565,-2002.8833338864565,-2002.8833338864565,-2002.8833338864565,0.0,0.0,0.0,55395.32308911381
2012-01-03,57593.099031653604,36810.47306564844,81548.24175502815,57262.0947790273,57944.25185485923,1972.9709726782296,1972.9709726782296,1972.9709726782296,1972.9709726782296,1972.9709726782296,1972.9709726782296,0.0,0.0,0.0,59566.070004331836
2012-01-04,57787.99164030695,33608.17570015886,80154.72168142216,57425.43424150959,58164.484950986756,-755.7533499880722,-755.7533499880722,-755.7533499880722,-755.7533499880722,-755.7533499880722,-755.7533499880722,0.0,0.0,0.0,57032.23829031888
2012-01-05,57982.88424896029,42736.83634896832,89209.55376044018,57600.99963754158,58387.772760197004,6543.299796578292,6543.299796578292,6543.299796578292,6543.299796578292,6543.299796578292,6543.299796578292,0.0,0.0,0.0,64526.18404553858
2012-01-06,58177.77685761365,34262.9866002818,80781.59808557476,57766.48432899671,58600.85961432436,-1481.1376453548887,-1481.1376453548887,-1481.1376453548887,-1481.1376453548887,-1481.1376453548887,-1481.1376453548887,0.0,0.0,0.0,56696.639212258764
2012-01-07,58372.669466267,46478.76601528744,92569.34830467186,57941.60131161812,58812.94070758245,10648.131845712442,10648.131845712442,10648.131845712442,10648.131845712442,10648.131845712442,10648.131845712442,0.0,0.0,0.0,69020.80131197943
2012-01-08,58567.56207492034,20464.160167456408,64750.62067370179,58117.25577536662,59028.10103144455,-14924.628285704955,-14924.628285704955,-14924.628285704955,-14924.628285704955,-14924.628285704955,-14924.628285704955,0.0,0.0,0.0,43642.933789215385
2012-01-09,58762.45468357368,35171.40167934474,81036.24368822115,58291.33843345498,59248.462402202815,-2002.8833339097205,-2002.8833339097205,-2002.8833339097205,-2002.8833339097205,-2002.8833339097205,-2002.8833339097205,0.0,0.0,0.0,56759.57134966396
2012-01-10,58957.347292227045,37794.463293957706,82730.4471266542,58467.44461800979,59460.20502927959,1972.970972695177,1972.970972695177,1972.970972695177,1972.970972695177,1972.970972695177,1972.970972695177,0.0,0.0,0.0,60930.31826492222
2012-01-11,59152.239900880384,35489.64683345212,79541.2852703185,58635.074078690115,59677.79776831091,-755.7533500503077,-755.7533500503077,-755.7533500503077,-755.7533500503077,-755.7533500503077,-755.7533500503077,0.0,0.0,0.0,58396.48655083008
2012-01-12,59347.13250953372,41602.38546242852,88534.79910295345,58811.72076139232,59901.44393083052,6543.299796549226,6543.299796549226,6543.299796549226,6543.299796549226,6543.299796549226,6543.299796549226,0.0,0.0,0.0,65890.43230608295
2012-01-13,59542.02511818707,35782.301619925376,82084.96503413784,58986.15283211533,60115.4590330554,-1481.1376453377886,-1481.1376453377886,-1481.1376453377886,-1481.1376453377886,-1481.1376453377886,-1481.1376453377886,0.0,0.0,0.0,58060.88747284928
2012-01-14,59736.91772684043,48519.11520689139,92932.45108273155,59163.09109829897,60333.9640841829,10648.13184572426,10648.13184572426,10648.13184572426,10648.13184572426,10648.13184572426,10648.13184572426,0.0,0.0,0.0,70385.04957256469
2012-01-15,59931.81033549377,21529.139615056778,68017.78260971193,59339.345166370505,60548.738024103615,-14924.628285702607,-14924.628285702607,-14924.628285702607,-14924.628285702607,-14924.628285702607,-14924.628285702607,0.0,0.0,0.0,45007.18204979116
2012-01-16,60126.70294414712,35055.795545720146,79926.85059220664,59505.932423157166,60760.30823774914,-2002.8833339143407,-2002.8833339143407,-2002.8833339143407,-2002.8833339143407,-2002.8833339143407,-2002.8833339143407,0.0,0.0,0.0,58123.81961023278
2012-01-17,60321.595552800456,39369.75376958844,84927.75354534484,59671.597655723854,60982.18431545239,1972.9709727121235,1972.9709727121235,1972.9709727121235,1972.9709727121235,1972.9709727121235,1972.9709727121235,0.0,0.0,0.0,62294.56652551258
2012-01-18,60516.48816145382,37185.87788223153,82213.44777239699,59828.00772002612,61213.29032104337,-755.7533500108336,-755.7533500108336,-755.7533500108336,-755.7533500108336,-755.7533500108336,-755.7533500108336,0.0,0.0,0.0,59760.734811442984
2012-01-19,60711.380770107164,45308.31013407837,88644.57496345714,59993.18918558853,61431.266470738075,6543.299796554063,6543.299796554063,6543.299796554063,6543.299796554063,6543.299796554063,6543.299796554063,0.0,0.0,0.0,67254.68056666122
2012-01-20,60906.2733787605,36423.02909495711,83132.32833821599,60164.25347586425,61660.60454658118,-1481.1376453467353,-1481.1376453467353,-1481.1376453467353,-1481.1376453467353,-1481.1376453467353,-1481.1376453467353,0.0,0.0,0.0,59425.135733413765
2012-01-21,61101.16598741384,50490.98919622514,95171.86370587019,60342.88634972267,61887.537092657265,10648.131845728782,10648.131845728782,10648.131845728782,10648.131845728782,10648.131845728782,10648.131845728782,0.0,0.0,0.0,71749.29783314263
2012-01-22,61296.05859606721,24968.907859587154,68311.39014116682,60509.32639857834,62119.336997625505,-14924.628285700262,-14924.628285700262,-14924.628285700262,-14924.628285700262,-14924.628285700262,-14924.628285700262,0.0,0.0,0.0,46371.43031036695
2012-01-23,61490.95120472055,36515.75730837122,82729.0570350604,60692.54574834055,62341.64447191509,-2002.8833338689228,-2002.8833338689228,-2002.8833338689228,-2002.8833338689228,-2002.8833338689228,-2002.8833338689228,0.0,0.0,0.0,59488.06787085163
2012-01-24,61685.84381337389,40051.55084348116,86325.57730675308,60854.626436242186,62563.91793875125,1972.9709726707188,1972.9709726707188,1972.9709726707188,1972.9709726707188,1972.9709726707188,1972.9709726707188,0.0,0.0,0.0,63658.814786044604
2012-01-25,61880.736422027236,37835.9008199317,84138.47530622088,61029.500147045605,62786.19140558741,-755.7533500179657,-755.7533500179657,-755.7533500179657,-755.7533500179657,-755.7533500179657,-755.7533500179657,0.0,0.0,0.0,61124.98307200927
2012-01-26,62075.6290306806,46791.15199268734,89720.3706191304,61204.50366460692,63010.68330739061,6543.299796565939,6543.299796565939,6543.299796565939,6543.299796565939,6543.299796565939,6543.299796565939,0.0,0.0,0.0,68618.92882724653
2012-01-27,62270.521639333936,39661.12199295875,83886.05518612792,61379.94834506974,63256.560087660975,-1481.1376453483074,-1481.1376453483074,-1481.1376453483074,-1481.1376453483074,-1481.1376453483074,-1481.1376453483074,0.0,0.0,0.0,60789.383993985626
2012-01-28,62465.41424798728,50482.19160487774,96364.45999691893,61530.12348577975,63490.66438254715,10648.13184572673,10648.13184572673,10648.13184572673,10648.13184572673,10648.13184572673,10648.13184572673,0.0,0.0,0.0,73113.54609371402
2012-01-29,62660.30685664062,24608.708534535483,70345.45727397208,61685.84906587269,63709.71598350622,-14924.62828572973,-14924.62828572973,-14924.62828572973,-14924.62828572973,-14924.62828572973,-14924.62828572973,0.0,0.0,0.0,47735.678570910895
2012-01-30,62855.19946529397,39415.344307407744,82879.98243408698,61849.31113032441,63929.46288604187,-2002.8833338921854,-2002.8833338921854,-2002.8833338921854,-2002.8833338921854,-2002.8833338921854,-2002.8833338921854,0.0,0.0,0.0,60852.316131401785
2012-01-31,63050.09207394733,42179.693387161096,88034.03169589031,62016.797720234055,64148.50191695118,1972.9709726775766,1972.9709726775766,1972.9709726775766,1972.9709726775766,1972.9709726775766,1972.9709726775766,0.0,0.0,0.0,65023.063046624906
2012-02-01,63244.98468260067,41271.38331856963,86453.66415849648,62180.351014019085,64397.74943105675,-755.753350033595,-755.753350033595,-755.753350033595,-755.753350033595,-755.753350033595,-755.753350033595,0.0,0.0,0.0,62489.23133256708
2012-02-02,63439.877291254015,46237.37450945921,92274.49897273908,62332.67914674289,64632.70292854157,6543.299796577817,6543.299796577817,6543.299796577817,6543.299796577817,6543.299796577817,6543.299796577817,0.0,0.0,0.0,69983.17708783183
2012-02-03,63634.769899907355,39254.60414519282,85090.81993119599,62500.12010264896,64851.34440216772,-1481.1376453312087,-1481.1376453312087,-1481.1376453312087,-1481.1376453312087,-1481.1376453312087,-1481.1376453312087,0.0,0.0,0.0,62153.63225457614
2012-02-04,63829.662508560716,51737.547620247264,96284.92150625518,62671.73092240553,65065.93544634922,10648.131845738548,10648.131845738548,10648.131845738548,10648.131845738548,10648.131845738548,10648.131845738548,0.0,0.0,0.0,74477.79435429926
2012-02-05,64024.555117214055,26767.24755357511,71608.19420319585,62838.10984451186,65290.05776578251,-14924.628285713901,-14924.628285713901,-14924.628285713901,-14924.628285713901,-14924.628285713901,-14924.628285713901,0.0,0.0,0.0,49099.926831500154
2012-02-06,64219.4477258674,40189.2130909385,84483.47609426419,62998.47248312175,65508.82479076277,-2002.8833338968077,-2002.8833338968077,-2002.8833338968077,-2002.8833338968077,-2002.8833338968077,-2002.8833338968077,0.0,0.0,0.0,62216.56439197059
2012-02-07,64414.34033452074,43418.11019447904,90232.2036372934,63166.79576013425,65743.23790165455,1972.9709727427849,1972.9709727427849,1972.9709727427849,1972.9709727427849,1972.9709727427849,1972.9709727427849,0.0,0.0,0.0,66387.31130726353
2012-02-08,64609.2329431741,40413.51559994185,87137.7979196672,63332.02808227845,65978.52251369694,-755.7533499941218,-755.7533499941218,-755.7533499941218,-755.7533499941218,-755.7533499941218,-755.7533499941218,0.0,0.0,0.0,63853.47959317998
2012-02-09,64804.12555182745,48792.58328116749,93944.84239031129,63489.90024212167,66212.82339433886,6543.29979654875,6543.29979654875,6543.29979654875,6543.29979654875,6543.29979654875,6543.29979654875,0.0,0.0,0.0,71347.4253483762
2012-02-10,64999.018160480766,39860.91547194317,87236.3750287305,63652.33065808443,66435.51937666268,-1481.1376453401551,-1481.1376453401551,-1481.1376453401551,-1481.1376453401551,-1481.1376453401551,-1481.1376453401551,0.0,0.0,0.0,63517.88051514061
2012-02-11,65193.910769134134,54123.10736828375,97152.08298246724,63813.11210462796,66657.72070246376,10648.131845729202,10648.131845729202,10648.131845729202,10648.131845729202,10648.131845729202,10648.131845729202,0.0,0.0,0.0,75842.04261486334
2012-02-12,65388.80337778747,26455.754218169506,72077.70921741093,63978.48775619701,66896.08846450984,-14924.628285711557,-14924.628285711557,-14924.628285711557,-14924.628285711557,-14924.628285711557,-14924.628285711557,0.0,0.0,0.0,50464.175092075915
2012-02-13,65583.69598644081,42047.69719551451,85337.0139620408,64143.49380211346,67121.93216427337,-2002.8833339014275,-2002.8833339014275,-2002.8833339014275,-2002.8833339014275,-2002.8833339014275,-2002.8833339014275,0.0,0.0,0.0,63580.81265253938
2012-02-14,65778.58859509416,44946.191877531426,89913.10527219033,64308.684521998526,67350.93338144924,1972.9709727013815,1972.9709727013815,1972.9709727013815,1972.9709727013815,1972.9709727013815,1972.9709727013815,0.0,0.0,0.0,67751.55956779554
2012-02-15,65973.48120374752,41682.99239868982,86256.75357178487,64473.95824614262,67594.07197078616,-755.7533500012538,-755.7533500012538,-755.7533500012538,-755.7533500012538,-755.7533500012538,-755.7533500012538,0.0,0.0,0.0,65217.72785374627
2012-02-16,66168.37381240087,49411.316546919035,95895.38896571325,64656.991314097,67830.2515096893,6543.299796553587,6543.299796553587,6543.299796553587,6543.299796553587,6543.299796553587,6543.299796553587,0.0,0.0,0.0,72711.67360895446
2012-02-17,66363.2664210542,42281.278287015484,88050.65683225912,64818.00195410201,68051.93776068497,-1481.13764534173,-1481.13764534173,-1481.13764534173,-1481.13764534173,-1481.13764534173,-1481.13764534173,0.0,0.0,0.0,64882.12877571247
2012-02-18,66558.15902970755,54863.47636227051,100684.24861047945,64990.09308166893,68261.9422460367,10648.131845719856,10648.131845719856,10648.131845719856,10648.131845719856,10648.131845719856,10648.131845719856,0.0,0.0,0.0,77206.2908754274
2012-02-19,66753.0516383609,29875.150770878932,74938.10996528396,65157.42774423313,68501.9113591564,-14924.628285741026,-14924.628285741026,-14924.628285741026,-14924.628285741026,-14924.628285741026,-14924.628285741026,0.0,0.0,0.0,51828.42335261988
2012-02-20,66947.94424701425,43199.55590392844,87162.95597186421,65316.38844734584,68736.62282350929,-2002.8833338560096,-2002.8833338560096,-2002.8833338560096,-2002.8833338560096,-2002.8833338560096,-2002.8833338560096,0.0,0.0,0.0,64945.060913158246
2012-02-21,67142.8368556676,47414.75521229987,92037.98612586029,65465.04184980748,68941.44578261199,1972.9709727082407,1972.9709727082407,1972.9709727082407,1972.9709727082407,1972.9709727082407,1972.9709727082407,0.0,0.0,0.0,69115.80782837584
2012-02-22,67337.72946432093,43126.09635641226,89515.72029775498,65628.53693495542,69146.26874171468,-755.7533500168828,-755.7533500168828,-755.7533500168828,-755.7533500168828,-755.7533500168828,-755.7533500168828,0.0,0.0,0.0,66581.97611430405
2012-02-23,67532.62207297429,51949.89394701241,97969.62504247275,65788.23012548522,69370.14106407815,6543.299796565462,6543.299796565462,6543.299796565462,6543.299796565462,6543.299796565462,6543.299796565462,0.0,0.0,0.0,74075.92186953976
2012-02-24,67727.51468162764,43534.497101345296,88476.48502181254,65951.77812836228,69604.36386424882,-1481.1376453506753,-1481.1376453506753,-1481.1376453506753,-1481.1376453506753,-1481.1376453506753,-1481.1376453506753,0.0,0.0,0.0,66246.37703627696
2012-02-25,67922.40729028099,55765.429003249046,101611.26892787335,66106.41212610445,69838.58666441949,10648.131845717804,10648.131845717804,10648.131845717804,10648.131845717804,10648.131845717804,10648.131845717804,0.0,0.0,0.0,78570.53913599878
2012-02-26,68117.29989893432,31482.605952044214,74521.52952873678,66259.65902444563,70075.33480083627,-14924.628285725197,-14924.628285725197,-14924.628285725197,-14924.628285725197,-14924.628285725197,-14924.628285725197,0.0,0.0,0.0,53192.671613209124
2012-02-27,68312.1925075877,44689.61064754701,90156.0276355491,66418.6110942467,70316.84335552895,-2002.8833338792726,-2002.8833338792726,-2002.8833338792726,-2002.8833338792726,-2002.8833338792726,-2002.8833338792726,0.0,0.0,0.0,66309.30917370842
2012-02-28,68507.08511624103,46963.26281633035,94703.83756665724,66585.89259359245,70574.43239734761,1972.9709727251854,1972.9709727251854,1972.9709727251854,1972.9709727251854,1972.9709727251854,1972.9709727251854,0.0,0.0,0.0,70480.05608896622
2012-02-29,68701.97772489437,44157.520019775446,90379.17993912775,66745.39964931058,70812.36949508017,-755.7533500325121,-755.7533500325121,-755.7533500325121,-755.7533500325121,-755.7533500325121,-755.7533500325121,0.0,0.0,0.0,67946.22437486186
2012-03-01,68896.87033354772,51326.36350074498,97915.43016958868,66901.45338027904,71059.97237857549,6543.2997965363975,6543.2997965363975,6543.2997965363975,6543.2997965363975,6543.2997965363975,6543.2997965363975,0.0,0.0,0.0,75440.17013008412
2012-03-02,69091.76294220108,44317.567229727276,88928.66161913119,67059.03466851234,71288.79500076312,-1481.1376453596217,-1481.1376453596217,-1481.1376453596217,-1481.1376453596217,-1481.1376453596217,-1481.1376453596217,0.0,0.0,0.0,67610.62529684146
2012-03-03,69286.65555085441,57358.11701654849,102708.88462644118,67217.00971711549,71517.12899013892,10648.131845729622,10648.131845729622,10648.131845729622,10648.131845729622,10648.131845729622,10648.131845729622,0.0,0.0,0.0,79934.78739658403
2012-03-04,69481.54815950776,31957.026250889972,77650.94620025302,67378.67583533164,71749.36049241503,-14924.628285722849,-14924.628285722849,-14924.628285722849,-14924.628285722849,-14924.628285722849,-14924.628285722849,0.0,0.0,0.0,54556.91987378491
2012-03-05,69676.4407681611,44836.20404312849,90423.12731576723,67550.88264098282,71972.51694664035,-2002.883333883893,-2002.883333883893,-2002.883333883893,-2002.883333883893,-2002.883333883893,-2002.883333883893,0.0,0.0,0.0,67673.55743427722
2012-03-06,69871.33337681447,49733.88711115928,93974.31681912736,67714.683171868,72210.4090388917,1972.9709726837823,1972.9709726837823,1972.9709726837823,1972.9709726837823,1972.9709726837823,1972.9709726837823,0.0,0.0,0.0,71844.30434949824
2012-03-07,70066.22598546781,46464.88975976745,94238.28185993154,67862.5499978527,72453.01513038728,-755.7533499930396,-755.7533499930396,-755.7533499930396,-755.7533499930396,-755.7533499930396,-755.7533499930396,0.0,0.0,0.0,69310.47263547477
2012-03-08,70261.11859412114,53336.151863762476,99840.95992362201,67998.46065942821,72695.62122188286,6543.299796541235,6543.299796541235,6543.299796541235,6543.299796541235,6543.299796541235,6543.299796541235,0.0,0.0,0.0,76804.41839066238
